[2026-07-21T14:05:59.333Z] GET http://localhost:5173/ → 200 (20ms, 42512B)
[2026-07-21T14:05:59.355Z] GET http://localhost:5173/@vite/client → 200 (10ms, 182535B)
[2026-07-21T14:05:59.355Z] GET https://fonts.googleapis.com/css2?family=Heebo:wght@300;400;500;600;700;800&display=swap → pending (?ms, ?B)
[2026-07-21T14:05:59.355Z] GET http://localhost:5173/css/styles.css → 200 (11ms, 49813B)
[2026-07-21T14:05:59.355Z] GET http://localhost:5173/assets/logo.png → 200 (13ms, 8531B)
[2026-07-21T14:05:59.355Z] GET https://cdnjs.cloudflare.com/ajax/libs/three.js/r128/three.min.js → 200 (163ms, 121301B)
[2026-07-21T14:05:59.355Z] GET https://cdnjs.cloudflare.com/ajax/libs/gsap/3.12.5/gsap.min.js → 200 (143ms, 25810B)
[2026-07-21T14:05:59.355Z] GET https://cdnjs.cloudflare.com/ajax/libs/gsap/3.12.5/ScrollTrigger.min.js → 200 (142ms, 16566B)
[2026-07-21T14:05:59.355Z] GET http://localhost:5173/js/main.js → 200 (12ms, 80341B)
[2026-07-21T14:05:59.366Z] GET http://localhost:5173/node_modules/vite/dist/client/env.mjs → 200 (1ms, 3861B)
[2026-07-21T14:05:59.662Z] GET https://fonts.gstatic.com/s/heebo/v28/NGS6v5_NC0k9P9H2TbFhsqMA.woff2 → 200 (127ms, 30275B)
[2026-07-21T14:05:59.663Z] GET https://fonts.gstatic.com/s/heebo/v28/NGS6v5_NC0k9P9H0TbFhsqMA6aw.woff2 → 200 (108ms, 12533B)
[2026-07-21T14:05:59.663Z] GET https://fonts.gstatic.com/s/heebo/v28/NGS6v5_NC0k9P9GYTbFhsqMA6aw.woff2 → 200 (147ms, 14362B)
[2026-07-21T14:05:59.664Z] GET https://fonts.gstatic.com/s/heebo/v28/NGS6v5_NC0k9P9H4TbFhsqMA6aw.woff2 → 200 (125ms, 14914B)
[2026-07-21T14:05:59.810Z] GET https://fonts.gstatic.com/s/heebo/v28/NGS6v5_NC0k9P9GKTbFhsqMA6aw.woff2 → 200 (18ms, 23899B)
[2026-07-21T14:08:27.496Z] GET http://localhost:5210/ → 200 (21ms, 2405B)
[2026-07-21T14:08:27.519Z] GET http://localhost:5210/@vite/client → 200 (142ms, 182551B)
[2026-07-21T14:08:27.519Z] GET https://fonts.googleapis.com/css2?family=Frank+Ruhl+Libre:wght@300;400;500;700;900&family=Heebo:wght@300;400;500;600;700;800;900&family=Inter:wght@400;500;600;700;800;900&family=JetBrains+Mono:wght@400;500&display=swap → 200 (176ms, 2702B)
[2026-07-21T14:08:27.519Z] GET http://localhost:5210/src/main.jsx → 200 (131ms, 4325B)
[2026-07-21T14:08:27.520Z] GET http://localhost:5210/@react-refresh → 200 (136ms, 113132B)
[2026-07-21T14:08:27.650Z] GET http://localhost:5210/node_modules/.vite/deps/react_jsx-dev-runtime.js?v=2222e0de → 200 (13ms, 12506B)
[2026-07-21T14:08:27.650Z] GET http://localhost:5210/node_modules/.vite/deps/react.js?v=2222e0de → 200 (44ms, 1024B)
[2026-07-21T14:08:27.650Z] GET http://localhost:5210/node_modules/.vite/deps/react-dom_client.js?v=2222e0de → 200 (74ms, ?B)
[2026-07-21T14:08:27.650Z] GET http://localhost:5210/src/index.css → pending (?ms, ?B)
[2026-07-21T14:08:27.650Z] GET http://localhost:5210/src/App.jsx → pending (?ms, ?B)
[2026-07-21T14:08:27.650Z] GET http://localhost:5210/src/HeroShowcase.jsx → pending (?ms, ?B)
[2026-07-21T14:08:27.650Z] GET http://localhost:5210/src/DesignShowcase.jsx → pending (?ms, ?B)
[2026-07-21T14:08:27.650Z] GET http://localhost:5210/src/CollabsHeroShowcase.jsx → pending (?ms, ?B)
[2026-07-21T14:08:27.650Z] GET http://localhost:5210/src/lib/smoothScroll.js → pending (?ms, ?B)
[2026-07-21T14:08:27.650Z] GET http://localhost:5210/src/lib/analytics.js → pending (?ms, ?B)
[2026-07-21T14:08:27.662Z] GET http://localhost:5210/node_modules/vite/dist/client/env.mjs → pending (?ms, ?B)
[2026-07-21T14:08:27.663Z] GET http://localhost:5210/node_modules/.vite/deps/chunk-YI4H6FPL.js?v=2222e0de → pending (?ms, ?B)
[2026-07-21T14:08:27.663Z] GET http://localhost:5210/node_modules/.vite/deps/chunk-DC5AMYBS.js?v=2222e0de → pending (?ms, ?B)
[2026-07-21T14:08:27.725Z] GET http://localhost:5210/node_modules/.vite/deps/chunk-42BTM2VB.js?v=2222e0de → 200 (49ms, 16533B)
[2026-07-21T14:08:27.726Z] GET http://localhost:5210/src/components/showcase/HeroV1Monument.jsx → 200 (474ms, 38281B)
[2026-07-21T14:08:27.726Z] GET http://localhost:5210/src/components/showcase/HeroV2Arena.jsx → 200 (466ms, 39771B)
[2026-07-21T14:08:27.726Z] GET http://localhost:5210/src/components/showcase/HeroV3Fingers.jsx → 200 (470ms, 35734B)
[2026-07-21T14:08:27.726Z] GET http://localhost:5210/src/components/showcase/HeroV4Manifesto.jsx → 200 (469ms, 62610B)
[2026-07-21T14:08:27.729Z] GET http://localhost:5210/node_modules/.vite/deps/@studio-freight_lenis.js?v=2222e0de → 200 (202ms, 15334B)
[2026-07-21T14:08:27.729Z] GET http://localhost:5210/node_modules/.vite/deps/gsap.js?v=2222e0de → 200 (447ms, 169805B)
[2026-07-21T14:08:27.729Z] GET http://localhost:5210/node_modules/.vite/deps/gsap_ScrollTrigger.js?v=2222e0de → 200 (447ms, 106350B)
[2026-07-21T14:08:27.739Z] GET http://localhost:5210/src/components/Navbar.jsx → 200 (477ms, 27683B)
[2026-07-21T14:08:27.739Z] GET http://localhost:5210/src/components/Hero.jsx → 200 (470ms, 34841B)
[2026-07-21T14:08:27.739Z] GET http://localhost:5210/src/components/WhoWeAre.jsx → 200 (459ms, 20389B)
[2026-07-21T14:08:27.739Z] GET http://localhost:5210/src/components/WhatWeBelieve.jsx → 200 (465ms, 23711B)
[2026-07-21T14:08:27.739Z] GET http://localhost:5210/src/components/ManInArena.jsx → 200 (466ms, 26526B)
[2026-07-21T14:08:27.739Z] GET http://localhost:5210/src/components/Programs.jsx → 200 (503ms, 46476B)
[2026-07-21T14:08:27.739Z] GET http://localhost:5210/src/components/FiveContent.jsx → 200 (504ms, 46199B)
[2026-07-21T14:08:27.740Z] GET http://localhost:5210/src/components/Footer.jsx → 200 (468ms, 17731B)
[2026-07-21T14:08:27.740Z] GET http://localhost:5210/src/components/ContactModal.jsx → 200 (514ms, 140796B)
[2026-07-21T14:08:27.740Z] GET http://localhost:5210/src/components/Accessibility/AccessibilityWidget.jsx → 200 (618ms, 59359B)
[2026-07-21T14:08:27.740Z] GET http://localhost:5210/src/pages/LiabahPage.jsx → 200 (520ms, 9990B)
[2026-07-21T14:08:27.740Z] GET http://localhost:5210/src/pages/AcademyPage.jsx → 200 (477ms, 13542B)
[2026-07-21T14:08:27.740Z] GET http://localhost:5210/src/pages/CollaborationsPage.jsx → 200 (568ms, 12155B)
[2026-07-21T14:08:27.740Z] GET http://localhost:5210/src/pages/AmirPage.jsx → 200 (579ms, 8470B)
[2026-07-21T14:08:27.741Z] GET http://localhost:5210/src/pages/AlumniPage.jsx → 200 (518ms, 7905B)
[2026-07-21T14:08:27.741Z] GET http://localhost:5210/src/pages/TeamPage.jsx → 200 (568ms, 9176B)
[2026-07-21T14:08:27.741Z] GET http://localhost:5210/src/HeroConcepts.jsx → 200 (522ms, 22615B)
[2026-07-21T14:08:27.741Z] GET http://localhost:5210/src/data/contact.js → 200 (521ms, 3188B)
[2026-07-21T14:08:27.860Z] GET http://localhost:5210/src/variants/VariantA.jsx → 200 (503ms, 50254B)
[2026-07-21T14:08:27.860Z] GET http://localhost:5210/src/variants/VariantB.jsx → 200 (510ms, 50511B)
[2026-07-21T14:08:27.860Z] GET http://localhost:5210/src/variants/VariantC.jsx → 200 (509ms, 59723B)
[2026-07-21T14:08:27.860Z] GET http://localhost:5210/src/variants/VariantD.jsx → 200 (528ms, 59850B)
[2026-07-21T14:08:27.928Z] GET http://localhost:5210/src/components/collabs/hero-versions/HeroCorporateSplit.jsx → 200 (446ms, 29900B)
[2026-07-21T14:08:27.928Z] GET http://localhost:5210/src/components/collabs/hero-versions/HeroDataBoardroom.jsx → 200 (448ms, 31799B)
[2026-07-21T14:08:27.928Z] GET http://localhost:5210/src/components/collabs/hero-versions/HeroEditorialLedger.jsx → 200 (469ms, 33476B)
[2026-07-21T14:08:27.928Z] GET http://localhost:5210/src/components/collabs/hero-versions/HeroCapabilityBento.jsx → 200 (467ms, 36862B)
[2026-07-21T14:08:28.199Z] GET http://localhost:5210/src/hooks/useReveal.js → 200 (172ms, 10894B)
[2026-07-21T14:08:28.199Z] GET http://localhost:5210/src/hooks/useCountUp.js → 200 (175ms, 8297B)
[2026-07-21T14:08:28.208Z] GET http://localhost:5210/src/assets/logo.png?import → 200 (167ms, 352B)
[2026-07-21T14:08:28.210Z] GET http://localhost:5210/src/components/ui/Button.jsx → 200 (188ms, 13439B)
[2026-07-21T14:08:28.216Z] GET http://localhost:5210/node_modules/.vite/deps/lucide-react.js?v=2222e0de → 200 (179ms, 823434B)
[2026-07-21T14:08:28.217Z] GET http://localhost:5210/src/components/academy/AcademyHero.jsx → 200 (190ms, 30718B)
[2026-07-21T14:08:28.217Z] GET http://localhost:5210/src/components/academy/AcademyManifesto.jsx → 200 (199ms, 8566B)
[2026-07-21T14:08:28.217Z] GET http://localhost:5210/src/components/academy/AcademyAxes.jsx → 200 (200ms, 10759B)
[2026-07-21T14:08:28.217Z] GET http://localhost:5210/src/components/academy/AcademyPrograms.jsx → 200 (195ms, 31900B)
[2026-07-21T14:08:28.217Z] GET http://localhost:5210/src/components/academy/AcademyImpact.jsx → 200 (190ms, 10269B)
[2026-07-21T14:08:28.217Z] GET http://localhost:5210/src/components/academy/AcademyJourney.jsx → 200 (192ms, 19934B)
[2026-07-21T14:08:28.217Z] GET http://localhost:5210/src/components/academy/AcademyAdmissions.jsx → 200 (191ms, 13746B)
[2026-07-21T14:08:28.217Z] GET http://localhost:5210/src/components/academy/AcademyTestimonials.jsx → 200 (193ms, 18911B)
[2026-07-21T14:08:28.217Z] GET http://localhost:5210/src/components/academy/AcademyGallery.jsx → 200 (192ms, 24410B)
[2026-07-21T14:08:28.218Z] GET http://localhost:5210/src/components/academy/AcademyFAQ.jsx → 200 (195ms, 11977B)
[2026-07-21T14:08:28.218Z] GET http://localhost:5210/src/components/academy/AcademyCTA.jsx → 200 (196ms, 13944B)
[2026-07-21T14:08:28.218Z] GET http://localhost:5210/src/components/SoftDivider.jsx → 200 (194ms, 6501B)
[2026-07-21T14:08:28.259Z] GET http://localhost:5210/src/components/alumni/AlumniHero.jsx → 200 (159ms, 26318B)
[2026-07-21T14:08:28.259Z] GET http://localhost:5210/src/components/alumni/AlumniStats.jsx → 200 (163ms, 14611B)
[2026-07-21T14:08:28.259Z] GET http://localhost:5210/src/components/alumni/AlumniIntro.jsx → 200 (160ms, 13474B)
[2026-07-21T14:08:28.259Z] GET http://localhost:5210/src/components/alumni/YoavProgram.jsx → 200 (162ms, 22651B)
[2026-07-21T14:08:28.259Z] GET http://localhost:5210/src/components/alumni/AlumniCTA.jsx → 200 (161ms, 12030B)
[2026-07-21T14:08:28.261Z] GET http://localhost:5210/src/components/liabah/LiabahHero.jsx → 200 (164ms, 35546B)
[2026-07-21T14:08:28.261Z] GET http://localhost:5210/src/components/liabah/LiabahEssence.jsx → 200 (169ms, 50398B)
[2026-07-21T14:08:28.261Z] GET http://localhost:5210/src/components/liabah/LiabahPrograms.jsx → 200 (176ms, 38954B)
[2026-07-21T14:08:28.261Z] GET http://localhost:5210/src/components/liabah/LiabahCoaches.jsx → 200 (172ms, 44709B)
[2026-07-21T14:08:28.261Z] GET http://localhost:5210/src/components/liabah/LiabahMap.jsx → 200 (174ms, 79049B)
[2026-07-21T14:08:28.261Z] GET http://localhost:5210/src/components/liabah/LiabahGallery.jsx → 200 (181ms, 27903B)
[2026-07-21T14:08:28.261Z] GET http://localhost:5210/src/components/liabah/LiabahFAQ.jsx → 200 (177ms, 14271B)
[2026-07-21T14:08:28.261Z] GET http://localhost:5210/src/components/liabah/LiabahCTA.jsx → 200 (181ms, 16798B)
[2026-07-21T14:08:28.264Z] GET http://localhost:5210/src/components/hero-concepts/ConceptEditorialSplit.jsx → 200 (182ms, 24513B)
[2026-07-21T14:08:28.264Z] GET http://localhost:5210/src/components/hero-concepts/ConceptOversizedType.jsx → 200 (175ms, 19732B)
[2026-07-21T14:08:28.264Z] GET http://localhost:5210/src/components/hero-concepts/ConceptBentoMosaic.jsx → 200 (174ms, 20523B)
[2026-07-21T14:08:28.264Z] GET http://localhost:5210/src/components/hero-concepts/ConceptSpotlightArena.jsx → 200 (188ms, 20754B)
[2026-07-21T14:08:28.264Z] GET http://localhost:5210/src/components/hero-concepts/ConceptFramedPlate.jsx → 200 (179ms, 21126B)
[2026-07-21T14:08:28.309Z] GET http://localhost:5210/src/components/collabs/CollabsStats.jsx → 200 (137ms, 13991B)
[2026-07-21T14:08:28.309Z] GET http://localhost:5210/src/components/collabs/CollabsIntro.jsx → 200 (135ms, 13557B)
[2026-07-21T14:08:28.309Z] GET http://localhost:5210/src/components/collabs/CollabsProcess.jsx → 200 (138ms, 12183B)
[2026-07-21T14:08:28.309Z] GET http://localhost:5210/src/components/collabs/CollabsContentWorlds.jsx → 200 (146ms, 26756B)
[2026-07-21T14:08:28.309Z] GET http://localhost:5210/src/components/collabs/CollabsFormats.jsx → 200 (141ms, 21828B)
[2026-07-21T14:08:28.309Z] GET http://localhost:5210/src/components/collabs/CollabsTeam.jsx → 200 (144ms, 18184B)
[2026-07-21T14:08:28.309Z] GET http://localhost:5210/src/components/collabs/CollabsPartners.jsx → 200 (144ms, 12167B)
[2026-07-21T14:08:28.309Z] GET http://localhost:5210/src/components/collabs/CollabsCTA.jsx → 200 (142ms, 16386B)
[2026-07-21T14:08:28.309Z] GET http://localhost:5210/src/components/team/TeamHero.jsx → 200 (153ms, 33128B)
[2026-07-21T14:08:28.309Z] GET http://localhost:5210/src/components/team/TeamRoster.jsx → 200 (146ms, 18953B)
[2026-07-21T14:08:28.309Z] GET http://localhost:5210/src/components/team/TeamIntro.jsx → 200 (150ms, 11267B)
[2026-07-21T14:08:28.309Z] GET http://localhost:5210/src/components/team/TeamCoach.jsx → 200 (152ms, 36125B)
[2026-07-21T14:08:28.309Z] GET http://localhost:5210/src/components/team/TeamInstructor.jsx → 200 (155ms, 12638B)
[2026-07-21T14:08:28.309Z] GET http://localhost:5210/src/components/team/TeamHq.jsx → 200 (149ms, 12529B)
[2026-07-21T14:08:28.309Z] GET http://localhost:5210/src/components/team/TeamCTA.jsx → 200 (157ms, 16637B)
[2026-07-21T14:08:28.319Z] GET http://localhost:5210/src/components/amir/AmirHero.jsx → 200 (151ms, 26158B)
[2026-07-21T14:08:28.319Z] GET http://localhost:5210/src/components/amir/AmirIntro.jsx → 200 (144ms, 13453B)
[2026-07-21T14:08:28.319Z] GET http://localhost:5210/src/components/amir/AmirZones.jsx → 200 (153ms, 27162B)
[2026-07-21T14:08:28.319Z] GET http://localhost:5210/src/components/amir/AmirContentWorlds.jsx → 200 (157ms, 29024B)
[2026-07-21T14:08:28.319Z] GET http://localhost:5210/src/components/amir/AmirCTA.jsx → 200 (148ms, 9224B)
[2026-07-21T14:08:28.359Z] GET http://localhost:5210/node_modules/.vite/deps/react-dom.js?v=2222e0de → 200 (108ms, 1352B)
[2026-07-21T14:08:28.359Z] GET http://localhost:5210/src/hooks/useAccessibility.js → 200 (109ms, 14197B)
[2026-07-21T14:08:28.359Z] GET http://localhost:5210/src/components/Accessibility/AccessibilityStatement.jsx → 200 (120ms, 26669B)
[2026-07-21T14:08:28.374Z] GET http://localhost:5210/src/hooks/usePrefersReducedMotion.js → 200 (94ms, 4480B)
[2026-07-21T14:08:28.374Z] GET http://localhost:5210/src/components/academy/shared.jsx → 200 (108ms, 21554B)
[2026-07-21T14:08:28.374Z] GET http://localhost:5210/src/components/collabs/hero-versions/heroShared.js → 200 (96ms, 12554B)
[2026-07-21T14:08:28.407Z] GET http://localhost:5210/src/data/academyData.js → 200 (64ms, 83377B)
[2026-07-21T14:08:28.419Z] GET http://localhost:5210/src/data/alumniData.js → 200 (53ms, 17353B)
[2026-07-21T14:08:28.425Z] GET http://localhost:5210/src/data/liabahData.js → 200 (50ms, 132394B)
[2026-07-21T14:08:28.425Z] GET http://localhost:5210/src/components/liabah/shared.jsx → 200 (57ms, 13142B)
[2026-07-21T14:08:28.435Z] GET http://localhost:5210/src/data/israelOutline.js → 200 (40ms, 11265B)
[2026-07-21T14:08:28.456Z] GET http://localhost:5210/src/data/teamData.js → 200 (21ms, 50598B)
[2026-07-21T14:08:28.463Z] GET http://localhost:5210/src/data/amirData.js → 200 (14ms, 26221B)
[2026-07-21T14:08:28.514Z] GET https://fonts.gstatic.com/s/heebo/v28/NGS6v5_NC0k9P9H2TbFhsqMA.woff2 → 200 (1ms, -815B)
[2026-07-21T14:08:28.514Z] POST https://fqgshlgvwwvwxsytksdn.supabase.co/rest/v1/page_views → pending (?ms, ?B)
[2026-07-21T14:08:28.549Z] GET http://localhost:5210/Hero-Pics/214A0011.jpg → 200 (4ms, 1109505B)
[2026-07-21T14:08:28.550Z] GET https://www.youtube.com/embed/jOdf0gJrZug?rel=0&modestbranding=1 → pending (?ms, ?B)
[2026-07-21T14:08:28.552Z] GET http://localhost:5210/src/assets/logo.png → 200 (66ms, 8531B)
[2026-07-21T14:08:28.552Z] GET http://localhost:5210/logo.png → 200 (67ms, 8531B)
[2026-07-21T14:08:28.612Z] GET http://localhost:5210/fonts/rag-marom-2.1.otf → 200 (38ms, 20704B)
[2026-07-21T14:08:28.612Z] GET https://fonts.gstatic.com/s/heebo/v28/NGS6v5_NC0k9P9H0TbFhsqMA6aw.woff2 → 200 (8ms, -815B)
[2026-07-21T14:08:28.612Z] GET https://fonts.gstatic.com/s/inter/v20/UcC73FwrK3iLTeHuS_nVMrMxCp50SjIa1ZL7W0Q5nw.woff2 → 200 (89ms, 48464B)
[2026-07-21T14:08:28.612Z] GET https://fonts.gstatic.com/s/heebo/v28/NGS6v5_NC0k9P9GYTbFhsqMA6aw.woff2 → 200 (8ms, -815B)
[2026-07-21T14:08:28.613Z] GET https://fonts.gstatic.com/s/jetbrainsmono/v24/tDbv2o-flEEny0FZhsfKu5WU4zr3E_BX0PnT8RD8yKwBNntkaToggR7BYRbKPxDcwgknk-4.woff2 → 200 (85ms, 31369B)
[2026-07-21T14:08:28.613Z] GET http://localhost:5210/Hero-Pics/214A0027.jpg → 200 (33ms, 733126B)
[2026-07-21T14:08:28.613Z] GET http://localhost:5210/Hero-Pics/214A0034.jpg → 200 (33ms, 815604B)
[2026-07-21T14:08:28.616Z] GET http://localhost:5210/Hero-Pics/214A0088.jpg → 200 (31ms, 909089B)
[2026-07-21T14:08:28.616Z] GET http://localhost:5210/Hero-Pics/214A0114.jpg → 200 (33ms, 648603B)
[2026-07-21T14:08:28.618Z] GET http://localhost:5210/Hero-Pics/214A0511.jpg → 200 (31ms, 976604B)
[2026-07-21T14:08:28.618Z] GET http://localhost:5210/Hero-Pics/_14A9355.jpg → 200 (31ms, 632147B)
[2026-07-21T14:08:28.621Z] GET http://localhost:5210/hero_section/arena_intro.mp4 → 206 (29ms, 3180497B)
[2026-07-21T14:08:28.645Z] GET https://fonts.gstatic.com/s/heebo/v28/NGS6v5_NC0k9P9GKTbFhsqMA6aw.woff2 → 200 (5ms, -815B)
[2026-07-21T14:08:28.751Z] GET http://localhost:5210/our_product_pics/core_pic.jpg → 200 (7ms, 1430677B)
[2026-07-21T14:08:28.751Z] GET http://localhost:5210/our_product_pics/mehina_pic.png → 200 (7ms, 2702855B)
[2026-07-21T14:08:28.946Z] GET https://www.youtube.com/s/player/dfc3d2b2/www-player.css → 200 (16ms, 57665B)
[2026-07-21T14:08:28.946Z] GET https://www.youtube.com/s/_/ytembeds/_/ss/k=ytembeds.base.voLKPuLo35M.L.W.O/am=AAAAgA/d=1/br=1/rs=AGKMywFbOiAirpOGLQLAetGjYdyOjZXjoA/m=root,base → 200 (22ms, 409B)
[2026-07-21T14:08:28.946Z] GET https://www.youtube.com/s/_/ytembeds/_/js/k=ytembeds.base.en_US.ODfFrMosPCQ.es5.O/am=AAAAgA/d=1/excm=base,root/br=1/rs=AGKMywFu4ZW9pRIW_XDhf8ZIbFxql1q7kw/m=root,base → 200 (65ms, 169575B)
[2026-07-21T14:08:28.946Z] GET https://www.youtube.com/s/player/dfc3d2b2/player_embed.vflset/en_US/base.js → 200 (94ms, 513056B)
[2026-07-21T14:08:28.948Z] GET https://fonts.gstatic.com/s/roboto/v48/KFO7CnqEu92Fr1ME7kSn66aGLdTylUAMa3yUBHMdazQ.woff2 → 200 (18ms, 34700B)
[2026-07-21T14:08:29.008Z] GET http://localhost:5210/our_product_pics/yoav_pic.jpg → 200 (4ms, 821907B)
[2026-07-21T14:08:29.054Z] GET https://googleads.g.doubleclick.net/pagead/id → 302 (202ms, ?B)
[2026-07-21T14:08:29.054Z] GET https://static.doubleclick.net/instream/ad_status.js → 200 (146ms, 495B)
[2026-07-21T14:08:29.054Z] GET https://www.youtube.com/s/_/ytembeds/_/js/k=ytembeds.base.en_US.ODfFrMosPCQ.es5.O/ck=ytembeds.base.voLKPuLo35M.L.W.O/am=AAAAgA/d=1/exm=base,root/excm=base,root/ed=1/br=1/rs=AGKMywEWcLUfQi49tTazVU5JOJTK_YxkBQ/m=r78Drb → 200 (52ms, 257311B)
[2026-07-21T14:08:29.188Z] GET https://i.ytimg.com/vi/jOdf0gJrZug/maxresdefault.jpg?sqp=-oaymwEmCIAKENAF8quKqQMa8AEB-AH-CYAC0AWKAgwIABABGGUgRyg_MA8=&rs=AOn4CLCX5X3fHDrVH7_vKvVE1xdRrSYc_Q → 200 (245ms, 28397B)
[2026-07-21T14:08:29.188Z] GET https://yt3.ggpht.com/_tWmyW71SI5j7yNXi4qb6wW_3DOzOEI9vnJ94tfgA5MUizLAMw3aqFWvAySo6MYPIhTuoJqCNag=s68-c-k-c0x00ffffff-no-rj → 200 (89ms, 4079B)
[2026-07-21T14:08:29.188Z] GET https://www.gstatic.com/youtube/img/icons/mweb/youtube_fill/logo/v2/67px.svg → 200 (81ms, 728B)
[2026-07-21T14:08:29.257Z] GET https://googleads.g.doubleclick.net/pagead/id?slf_rd=1 → 200 (81ms, 242B)
[2026-07-21T14:08:29.556Z] GET https://www.google.com/js/th/3vS4MzNmk5bpUZkAbQkUNnMBJb7mHJQeUuR4lw-z7K0.js → 200 (105ms, 24440B)
[2026-07-21T14:08:29.706Z] GET https://www.youtube.com/generate_204?bX2_Ag → pending (?ms, ?B)
[2026-07-21T14:08:29.713Z] POST https://jnn-pa.googleapis.com/$rpc/google.internal.waa.v1.Waa/GenerateIT → pending (?ms, ?B)
[2026-07-21T14:08:32.145Z] POST https://www.youtube.com/youtubei/v1/log_event?alt=json → 200 (403ms, 50B)
[2026-07-21T14:09:29.025Z] POST https://www.youtube.com/youtubei/v1/log_event?alt=json → 200 (144ms, 50B)
[2026-07-21T14:09:53.034Z] GET http://localhost:5210/src/components/WhoWeAre.jsx?t=1784642992988 → 200 (86ms, 20437B)
[2026-07-21T14:09:53.034Z] GET http://localhost:5210/src/index.css?t=1784642992988 → 200 (181ms, 95861B)
[2026-07-21T14:09:53.247Z] GET http://localhost:5210/fonts/rag-marom-2.1.otf → 304 (?ms, ?B)
[2026-07-21T14:10:03.815Z] GET http://localhost:5210/ → 200 (8ms, 2421B)
[2026-07-21T14:10:03.816Z] POST https://www.youtube.com/youtubei/v1/log_event?alt=json → pending (?ms, ?B)
[2026-07-21T14:10:03.850Z] POST https://www.youtube.com/api/stats/atr?ns=yt&el=embedded&cpn=P07BUX2dQzhyAW5c&ver=2&cmt=0&fs=0&rt=94.755&euri=http%3A%2F%2Flocalhost%3A5210%2F&lact=94769&cl=948671898&mos=0&volume=100&cbrand=apple&cbr=HeadlessChrome&cbrver=145.0.7632.6&c=WEB_EMBEDDED_PLAYER&cver=2.20260720.01.00&cplayer=UNIPLAYER&cos=Macintosh&cosver=10_15_7&cplatform=DESKTOP&epm=1&hl=en_US&cr=IL&len=118&fexp=v1%2C24004644%2C27058999%2C34656%2C124674%2C117689%2C9252%2C3479%2C13030%2C23206%2C68547%2C32155%2C15105%2C25059%2C4174%2C30447%2C18705%2C21437%2C4571%2C24439%2C4664%2C6620%2C2784%2C23826%2C9500%2C1840%2C45715%2C13160%2C45932%2C10619%2C4199%2C30114%2C9181%2C15416%2C82%2C29960%2C7524%2C366%2C5667%2C1168%2C372%2C7759%2C16451%2C173%2C8868%2C3475%2C27%2C5326%2C1900%2C9562%2C928%2C2248%2C115%2C158%2C11809%2C13051%2C756%2C9476%2C21077%2C446%2C7635%2C1311%2C666%2C620%2C285%2C652%2C2%2C5096%2C2793%2C1297%2C3189%2C3099%2C1831%2C18759%2C318%2C1454%2C5899%2C4433%2C783&muted=0&docid=jOdf0gJrZug → pending (?ms, ?B)
[2026-07-21T14:10:03.851Z] POST https://www.youtube.com/youtubei/v1/log_event?alt=json → pending (?ms, ?B)
[2026-07-21T14:10:03.851Z] GET http://localhost:5210/@vite/client → 200 (14ms, ?B)
[2026-07-21T14:10:03.851Z] GET https://fonts.googleapis.com/css2?family=Frank+Ruhl+Libre:wght@300;400;500;700;900&family=Heebo:wght@300;400;500;600;700;800;900&family=Inter:wght@400;500;600;700;800;900&family=JetBrains+Mono:wght@400;500&display=swap → 200 (2ms, -743B)
[2026-07-21T14:10:03.853Z] GET http://localhost:5210/src/main.jsx?t=1784642992988 → 200 (8ms, 4357B)
[2026-07-21T14:10:03.853Z] GET http://localhost:5210/@react-refresh → 200 (22ms, ?B)
[2026-07-21T14:10:03.855Z] GET https://fonts.gstatic.com/s/heebo/v28/NGS6v5_NC0k9P9H0TbFhsqMA6aw.woff2 → 200 (?ms, -815B)
[2026-07-21T14:10:03.855Z] GET https://fonts.gstatic.com/s/heebo/v28/NGS6v5_NC0k9P9GKTbFhsqMA6aw.woff2 → 200 (?ms, -815B)
[2026-07-21T14:10:03.857Z] GET https://fonts.gstatic.com/s/heebo/v28/NGS6v5_NC0k9P9GYTbFhsqMA6aw.woff2 → 200 (?ms, -815B)
[2026-07-21T14:10:03.857Z] GET https://fonts.gstatic.com/s/heebo/v28/NGS6v5_NC0k9P9H2TbFhsqMA.woff2 → 200 (?ms, -815B)
[2026-07-21T14:10:03.859Z] GET https://fonts.gstatic.com/s/inter/v20/UcC73FwrK3iLTeHuS_nVMrMxCp50SjIa1ZL7W0Q5nw.woff2 → 200 (?ms, -815B)
[2026-07-21T14:10:03.859Z] GET https://fonts.gstatic.com/s/jetbrainsmono/v24/tDbv2o-flEEny0FZhsfKu5WU4zr3E_BX0PnT8RD8yKwBNntkaToggR7BYRbKPxDcwgknk-4.woff2 → 200 (?ms, -815B)
[2026-07-21T14:10:03.861Z] GET http://localhost:5210/node_modules/.vite/deps/react_jsx-dev-runtime.js?v=2222e0de → 200 (?ms, -310B)
[2026-07-21T14:10:03.863Z] GET http://localhost:5210/node_modules/.vite/deps/react.js?v=2222e0de → 200 (?ms, -307B)
[2026-07-21T14:10:03.863Z] GET http://localhost:5210/node_modules/.vite/deps/react-dom_client.js?v=2222e0de → 200 (?ms, -313B)
[2026-07-21T14:10:03.864Z] GET http://localhost:5210/src/index.css?t=1784642992988 → 200 (17ms, ?B)
[2026-07-21T14:10:03.865Z] GET http://localhost:5210/src/App.jsx?t=1784642992988 → 200 (13ms, 29408B)
[2026-07-21T14:10:03.865Z] GET http://localhost:5210/src/HeroShowcase.jsx → 200 (17ms, ?B)
[2026-07-21T14:10:03.865Z] GET http://localhost:5210/src/DesignShowcase.jsx → 200 (19ms, ?B)
[2026-07-21T14:10:03.865Z] GET http://localhost:5210/src/CollabsHeroShowcase.jsx → 200 (25ms, ?B)
[2026-07-21T14:10:03.865Z] GET http://localhost:5210/src/lib/smoothScroll.js → 200 (27ms, ?B)
[2026-07-21T14:10:03.865Z] GET http://localhost:5210/src/lib/analytics.js → 200 (19ms, ?B)
[2026-07-21T14:10:03.871Z] GET http://localhost:5210/node_modules/.vite/deps/chunk-YI4H6FPL.js?v=2222e0de → 200 (1ms, -310B)
[2026-07-21T14:10:03.872Z] GET http://localhost:5210/node_modules/.vite/deps/chunk-DC5AMYBS.js?v=2222e0de → 200 (?ms, -308B)
[2026-07-21T14:10:03.872Z] GET http://localhost:5210/node_modules/.vite/deps/chunk-42BTM2VB.js?v=2222e0de → 200 (2ms, -310B)
[2026-07-21T14:10:03.875Z] GET http://localhost:5210/node_modules/vite/dist/client/env.mjs → 200 (8ms, ?B)
[2026-07-21T14:10:03.879Z] GET http://localhost:5210/src/components/Navbar.jsx → 200 (11ms, ?B)
[2026-07-21T14:10:03.879Z] GET http://localhost:5210/src/components/Hero.jsx → 200 (12ms, ?B)
[2026-07-21T14:10:03.879Z] GET http://localhost:5210/src/components/WhoWeAre.jsx?t=1784642992988 → 200 (14ms, ?B)
[2026-07-21T14:10:03.879Z] GET http://localhost:5210/src/components/WhatWeBelieve.jsx → 200 (14ms, ?B)
[2026-07-21T14:10:03.879Z] GET http://localhost:5210/src/components/ManInArena.jsx → 200 (15ms, ?B)
[2026-07-21T14:10:03.880Z] GET http://localhost:5210/src/components/Programs.jsx → 200 (14ms, ?B)
[2026-07-21T14:10:03.880Z] GET http://localhost:5210/src/components/FiveContent.jsx → 200 (15ms, ?B)
[2026-07-21T14:10:03.880Z] GET http://localhost:5210/src/components/Footer.jsx → 200 (15ms, ?B)
[2026-07-21T14:10:03.880Z] GET http://localhost:5210/src/components/ContactModal.jsx → 200 (21ms, ?B)
[2026-07-21T14:10:03.880Z] GET http://localhost:5210/src/components/Accessibility/AccessibilityWidget.jsx → 200 (20ms, ?B)
[2026-07-21T14:10:03.880Z] GET http://localhost:5210/src/pages/LiabahPage.jsx → 200 (16ms, ?B)
[2026-07-21T14:10:03.880Z] GET http://localhost:5210/src/pages/AcademyPage.jsx → 200 (18ms, ?B)
[2026-07-21T14:10:03.881Z] GET http://localhost:5210/src/pages/CollaborationsPage.jsx → 200 (18ms, ?B)
[2026-07-21T14:10:03.881Z] GET http://localhost:5210/src/pages/AmirPage.jsx → 200 (19ms, ?B)
[2026-07-21T14:10:03.881Z] GET http://localhost:5210/src/pages/AlumniPage.jsx → 200 (19ms, ?B)
[2026-07-21T14:10:03.881Z] GET http://localhost:5210/src/pages/TeamPage.jsx → 200 (19ms, ?B)
[2026-07-21T14:10:03.881Z] GET http://localhost:5210/src/HeroConcepts.jsx → 200 (20ms, ?B)
[2026-07-21T14:10:03.881Z] GET http://localhost:5210/src/data/contact.js → 200 (20ms, ?B)
[2026-07-21T14:10:03.883Z] GET http://localhost:5210/src/components/showcase/HeroV1Monument.jsx → 200 (18ms, ?B)
[2026-07-21T14:10:03.883Z] GET http://localhost:5210/src/components/showcase/HeroV2Arena.jsx → 200 (18ms, ?B)
[2026-07-21T14:10:03.883Z] GET http://localhost:5210/src/components/showcase/HeroV3Fingers.jsx → 200 (19ms, ?B)
[2026-07-21T14:10:03.883Z] GET http://localhost:5210/src/components/showcase/HeroV4Manifesto.jsx → 200 (19ms, ?B)
[2026-07-21T14:10:03.884Z] GET http://localhost:5210/src/variants/VariantA.jsx → 200 (18ms, ?B)
[2026-07-21T14:10:03.889Z] GET http://localhost:5210/src/variants/VariantB.jsx → 200 (13ms, ?B)
[2026-07-21T14:10:03.890Z] GET http://localhost:5210/src/variants/VariantC.jsx → 200 (12ms, ?B)
[2026-07-21T14:10:03.890Z] GET http://localhost:5210/src/variants/VariantD.jsx → 200 (12ms, ?B)
[2026-07-21T14:10:03.891Z] GET http://localhost:5210/src/components/collabs/hero-versions/HeroCorporateSplit.jsx → 200 (11ms, ?B)
[2026-07-21T14:10:03.891Z] GET http://localhost:5210/src/components/collabs/hero-versions/HeroDataBoardroom.jsx → 200 (11ms, ?B)
[2026-07-21T14:10:03.891Z] GET http://localhost:5210/src/components/collabs/hero-versions/HeroEditorialLedger.jsx → 200 (11ms, ?B)
[2026-07-21T14:10:03.891Z] GET http://localhost:5210/src/components/collabs/hero-versions/HeroCapabilityBento.jsx → 200 (12ms, ?B)
[2026-07-21T14:10:03.891Z] GET http://localhost:5210/node_modules/.vite/deps/lucide-react.js?v=2222e0de → 200 (?ms, -312B)
[2026-07-21T14:10:03.891Z] GET http://localhost:5210/src/assets/logo.png?import → 200 (12ms, ?B)
[2026-07-21T14:10:03.891Z] GET http://localhost:5210/src/components/ui/Button.jsx → 200 (12ms, ?B)
[2026-07-21T14:10:03.891Z] GET http://localhost:5210/node_modules/.vite/deps/gsap.js?v=2222e0de → 200 (?ms, -312B)
[2026-07-21T14:10:03.891Z] GET http://localhost:5210/node_modules/.vite/deps/gsap_ScrollTrigger.js?v=2222e0de → 200 (?ms, -312B)
[2026-07-21T14:10:03.892Z] GET http://localhost:5210/node_modules/.vite/deps/@studio-freight_lenis.js?v=2222e0de → 200 (?ms, -310B)
[2026-07-21T14:10:03.893Z] GET http://localhost:5210/src/hooks/useReveal.js → 200 (10ms, ?B)
[2026-07-21T14:10:03.894Z] GET http://localhost:5210/src/hooks/useCountUp.js → 200 (9ms, ?B)
[2026-07-21T14:10:03.896Z] GET http://localhost:5210/src/components/SoftDivider.jsx → 200 (7ms, ?B)
[2026-07-21T14:10:03.897Z] GET http://localhost:5210/src/components/liabah/LiabahHero.jsx → 200 (12ms, ?B)
[2026-07-21T14:10:03.897Z] GET http://localhost:5210/src/components/liabah/LiabahEssence.jsx → 200 (12ms, ?B)
[2026-07-21T14:10:03.897Z] GET http://localhost:5210/src/components/liabah/LiabahPrograms.jsx → 200 (12ms, ?B)
[2026-07-21T14:10:03.897Z] GET http://localhost:5210/src/components/liabah/LiabahCoaches.jsx → 200 (12ms, ?B)
[2026-07-21T14:10:03.897Z] GET http://localhost:5210/src/components/liabah/LiabahMap.jsx → 200 (6ms, ?B)
[2026-07-21T14:10:03.897Z] GET http://localhost:5210/src/components/liabah/LiabahGallery.jsx → 200 (7ms, ?B)
[2026-07-21T14:10:03.897Z] GET http://localhost:5210/src/components/liabah/LiabahFAQ.jsx → 200 (13ms, ?B)
[2026-07-21T14:10:03.898Z] GET http://localhost:5210/src/components/liabah/LiabahCTA.jsx → 200 (13ms, ?B)
[2026-07-21T14:10:03.898Z] GET http://localhost:5210/src/components/academy/AcademyHero.jsx → 200 (14ms, ?B)
[2026-07-21T14:10:03.898Z] GET http://localhost:5210/src/components/academy/AcademyManifesto.jsx → 200 (15ms, ?B)
[2026-07-21T14:10:03.898Z] GET http://localhost:5210/src/components/academy/AcademyAxes.jsx → 200 (15ms, ?B)
[2026-07-21T14:10:03.898Z] GET http://localhost:5210/src/components/academy/AcademyPrograms.jsx → 200 (15ms, ?B)
[2026-07-21T14:10:03.898Z] GET http://localhost:5210/src/components/academy/AcademyImpact.jsx → 200 (15ms, ?B)
[2026-07-21T14:10:03.898Z] GET http://localhost:5210/src/components/academy/AcademyJourney.jsx → 200 (15ms, ?B)
[2026-07-21T14:10:03.898Z] GET http://localhost:5210/src/components/academy/AcademyAdmissions.jsx → 200 (16ms, ?B)
[2026-07-21T14:10:03.898Z] GET http://localhost:5210/src/components/academy/AcademyTestimonials.jsx → 200 (16ms, ?B)
[2026-07-21T14:10:03.898Z] GET http://localhost:5210/src/components/academy/AcademyGallery.jsx → 200 (16ms, ?B)
[2026-07-21T14:10:03.898Z] GET http://localhost:5210/src/components/academy/AcademyFAQ.jsx → 200 (16ms, ?B)
[2026-07-21T14:10:03.899Z] GET http://localhost:5210/src/components/academy/AcademyCTA.jsx → 200 (15ms, ?B)
[2026-07-21T14:10:03.899Z] GET http://localhost:5210/src/components/collabs/CollabsStats.jsx → 200 (15ms, ?B)
[2026-07-21T14:10:03.899Z] GET http://localhost:5210/src/components/collabs/CollabsIntro.jsx → 200 (15ms, ?B)
[2026-07-21T14:10:03.899Z] GET http://localhost:5210/src/components/collabs/CollabsProcess.jsx → 200 (15ms, ?B)
[2026-07-21T14:10:03.899Z] GET http://localhost:5210/src/components/collabs/CollabsContentWorlds.jsx → 200 (15ms, ?B)
[2026-07-21T14:10:03.899Z] GET http://localhost:5210/src/components/collabs/CollabsFormats.jsx → 200 (16ms, ?B)
[2026-07-21T14:10:03.899Z] GET http://localhost:5210/src/components/collabs/CollabsTeam.jsx → 200 (16ms, ?B)
[2026-07-21T14:10:03.899Z] GET http://localhost:5210/src/components/collabs/CollabsPartners.jsx → 200 (16ms, ?B)
[2026-07-21T14:10:03.899Z] GET http://localhost:5210/src/components/collabs/CollabsCTA.jsx → 200 (16ms, ?B)
[2026-07-21T14:10:03.900Z] GET http://localhost:5210/src/components/amir/AmirHero.jsx → 200 (15ms, ?B)
[2026-07-21T14:10:03.900Z] GET http://localhost:5210/src/components/amir/AmirIntro.jsx → 200 (15ms, ?B)
[2026-07-21T14:10:03.900Z] GET http://localhost:5210/src/components/amir/AmirZones.jsx → 200 (16ms, ?B)
[2026-07-21T14:10:03.900Z] GET http://localhost:5210/src/components/amir/AmirContentWorlds.jsx → 200 (16ms, ?B)
[2026-07-21T14:10:03.900Z] GET http://localhost:5210/src/components/amir/AmirCTA.jsx → 200 (16ms, ?B)
[2026-07-21T14:10:03.900Z] GET http://localhost:5210/node_modules/.vite/deps/react-dom.js?v=2222e0de → 200 (?ms, -308B)
[2026-07-21T14:10:03.900Z] GET http://localhost:5210/src/hooks/useAccessibility.js → 200 (16ms, ?B)
[2026-07-21T14:10:03.900Z] GET http://localhost:5210/src/components/Accessibility/AccessibilityStatement.jsx → 200 (16ms, ?B)
[2026-07-21T14:10:03.900Z] GET http://localhost:5210/src/components/alumni/AlumniHero.jsx → 200 (16ms, ?B)
[2026-07-21T14:10:03.900Z] GET http://localhost:5210/src/components/alumni/AlumniStats.jsx → 200 (16ms, ?B)
[2026-07-21T14:10:03.900Z] GET http://localhost:5210/src/components/alumni/AlumniIntro.jsx → 200 (16ms, ?B)
[2026-07-21T14:10:03.900Z] GET http://localhost:5210/src/components/alumni/YoavProgram.jsx → 200 (16ms, ?B)
[2026-07-21T14:10:03.900Z] GET http://localhost:5210/src/components/alumni/AlumniCTA.jsx → 200 (17ms, ?B)
[2026-07-21T14:10:03.901Z] GET http://localhost:5210/src/components/team/TeamHero.jsx → 200 (16ms, ?B)
[2026-07-21T14:10:03.901Z] GET http://localhost:5210/src/components/team/TeamRoster.jsx → 200 (16ms, ?B)
[2026-07-21T14:10:03.901Z] GET http://localhost:5210/src/components/team/TeamIntro.jsx → 200 (16ms, ?B)
[2026-07-21T14:10:03.901Z] GET http://localhost:5210/src/components/team/TeamCoach.jsx → 200 (16ms, ?B)
[2026-07-21T14:10:03.901Z] GET http://localhost:5210/src/components/team/TeamInstructor.jsx → 200 (16ms, ?B)
[2026-07-21T14:10:03.901Z] GET http://localhost:5210/src/components/team/TeamHq.jsx → 200 (16ms, ?B)
[2026-07-21T14:10:03.901Z] GET http://localhost:5210/src/components/team/TeamCTA.jsx → 200 (17ms, ?B)
[2026-07-21T14:10:03.901Z] GET http://localhost:5210/src/components/hero-concepts/ConceptEditorialSplit.jsx → 200 (17ms, ?B)
[2026-07-21T14:10:03.901Z] GET http://localhost:5210/src/components/hero-concepts/ConceptOversizedType.jsx → 200 (17ms, ?B)
[2026-07-21T14:10:03.901Z] GET http://localhost:5210/src/components/hero-concepts/ConceptBentoMosaic.jsx → 200 (17ms, ?B)
[2026-07-21T14:10:03.901Z] GET http://localhost:5210/src/components/hero-concepts/ConceptSpotlightArena.jsx → 200 (17ms, ?B)
[2026-07-21T14:10:03.901Z] GET http://localhost:5210/src/components/hero-concepts/ConceptFramedPlate.jsx → 200 (17ms, ?B)
[2026-07-21T14:10:03.902Z] GET http://localhost:5210/src/hooks/usePrefersReducedMotion.js → 200 (16ms, ?B)
[2026-07-21T14:10:03.902Z] GET http://localhost:5210/src/components/academy/shared.jsx → 200 (16ms, ?B)
[2026-07-21T14:10:03.902Z] GET http://localhost:5210/src/components/collabs/hero-versions/heroShared.js → 200 (16ms, ?B)
[2026-07-21T14:10:03.904Z] GET http://localhost:5210/src/data/liabahData.js → 200 (15ms, ?B)
[2026-07-21T14:10:03.904Z] GET http://localhost:5210/src/data/israelOutline.js → 200 (14ms, ?B)
[2026-07-21T14:10:03.904Z] GET http://localhost:5210/src/components/liabah/shared.jsx → 200 (14ms, ?B)
[2026-07-21T14:10:03.912Z] GET http://localhost:5210/src/data/academyData.js → 200 (7ms, ?B)
[2026-07-21T14:10:03.915Z] GET http://localhost:5210/src/data/amirData.js → 200 (4ms, ?B)
[2026-07-21T14:10:03.916Z] GET http://localhost:5210/src/data/alumniData.js → 200 (3ms, ?B)
[2026-07-21T14:10:03.917Z] GET http://localhost:5210/src/data/teamData.js → 200 (2ms, ?B)
[2026-07-21T14:10:03.919Z] POST https://fqgshlgvwwvwxsytksdn.supabase.co/rest/v1/page_views → 201 (112ms, ?B)
[2026-07-21T14:10:03.948Z] GET http://localhost:5210/src/assets/logo.png → 304 (4ms, ?B)
[2026-07-21T14:10:03.948Z] GET http://localhost:5210/Hero-Pics/214A0011.jpg → 304 (5ms, ?B)
[2026-07-21T14:10:03.950Z] GET http://localhost:5210/logo.png → 304 (3ms, ?B)
[2026-07-21T14:10:03.952Z] GET https://www.youtube.com/embed/jOdf0gJrZug?rel=0&modestbranding=1 → 200 (285ms, 54800B)
[2026-07-21T14:10:03.972Z] GET http://localhost:5210/fonts/rag-marom-2.1.otf → 304 (1ms, ?B)
[2026-07-21T14:10:03.972Z] GET http://localhost:5210/Hero-Pics/214A0027.jpg → 304 (24ms, ?B)
[2026-07-21T14:10:03.972Z] GET http://localhost:5210/Hero-Pics/214A0034.jpg → 304 (24ms, ?B)
[2026-07-21T14:10:03.972Z] GET http://localhost:5210/Hero-Pics/214A0088.jpg → 304 (24ms, ?B)
[2026-07-21T14:10:03.972Z] GET http://localhost:5210/Hero-Pics/214A0114.jpg → 304 (25ms, ?B)
[2026-07-21T14:10:03.972Z] GET http://localhost:5210/Hero-Pics/214A0511.jpg → 304 (25ms, ?B)
[2026-07-21T14:10:03.972Z] GET http://localhost:5210/Hero-Pics/_14A9355.jpg → 304 (25ms, ?B)
[2026-07-21T14:10:03.978Z] GET http://localhost:5210/hero_section/arena_intro.mp4 → 206 (19ms, ?B)
[2026-07-21T14:10:04.107Z] GET http://localhost:5210/our_product_pics/core_pic.jpg → 304 (2ms, ?B)
[2026-07-21T14:10:04.158Z] GET http://localhost:5210/our_product_pics/mehina_pic.png → 304 (1ms, ?B)
[2026-07-21T14:10:04.240Z] GET https://www.youtube.com/s/player/dfc3d2b2/www-player.css → 200 (?ms, -682B)
[2026-07-21T14:10:04.241Z] GET https://www.youtube.com/s/_/ytembeds/_/ss/k=ytembeds.base.voLKPuLo35M.L.W.O/am=AAAAgA/d=1/br=1/rs=AGKMywFbOiAirpOGLQLAetGjYdyOjZXjoA/m=root,base → 200 (?ms, -858B)
[2026-07-21T14:10:04.245Z] GET https://fonts.gstatic.com/s/roboto/v48/KFO7CnqEu92Fr1ME7kSn66aGLdTylUAMa3yUBHMdazQ.woff2 → 200 (?ms, -815B)
[2026-07-21T14:10:04.266Z] GET https://www.youtube.com/s/_/ytembeds/_/js/k=ytembeds.base.en_US.ODfFrMosPCQ.es5.O/am=AAAAgA/d=1/excm=base,root/br=1/rs=AGKMywFu4ZW9pRIW_XDhf8ZIbFxql1q7kw/m=root,base → 200 (1ms, -915B)
[2026-07-21T14:10:04.299Z] GET https://www.youtube.com/s/player/dfc3d2b2/player_embed.vflset/en_US/base.js → 200 (?ms, -690B)
[2026-07-21T14:10:04.307Z] GET https://googleads.g.doubleclick.net/pagead/id → 302 (125ms, ?B)
[2026-07-21T14:10:04.307Z] GET https://static.doubleclick.net/instream/ad_status.js → 200 (?ms, -723B)
[2026-07-21T14:10:04.309Z] GET https://www.youtube.com/s/_/ytembeds/_/js/k=ytembeds.base.en_US.ODfFrMosPCQ.es5.O/ck=ytembeds.base.voLKPuLo35M.L.W.O/am=AAAAgA/d=1/exm=base,root/excm=base,root/ed=1/br=1/rs=AGKMywEWcLUfQi49tTazVU5JOJTK_YxkBQ/m=r78Drb → 200 (?ms, -915B)
[2026-07-21T14:10:04.386Z] GET https://i.ytimg.com/vi/jOdf0gJrZug/maxresdefault.jpg?sqp=-oaymwEmCIAKENAF8quKqQMa8AEB-AH-CYAC0AWKAgwIABABGGUgRyg_MA8=&rs=AOn4CLCX5X3fHDrVH7_vKvVE1xdRrSYc_Q → 200 (?ms, -643B)
[2026-07-21T14:10:04.432Z] GET https://googleads.g.doubleclick.net/pagead/id?slf_rd=1 → 200 (74ms, 146B)
[2026-07-21T14:10:04.815Z] GET https://www.google.com/js/th/3vS4MzNmk5bpUZkAbQkUNnMBJb7mHJQeUuR4lw-z7K0.js → 200 (?ms, -813B)
[2026-07-21T14:10:04.853Z] GET https://www.youtube.com/generate_204?cY6skg → 204 (7ms, 10B)
[2026-07-21T14:10:04.859Z] POST https://jnn-pa.googleapis.com/$rpc/google.internal.waa.v1.Waa/GenerateIT → 200 (212ms, 145B)
[2026-07-21T14:10:07.076Z] POST https://www.youtube.com/youtubei/v1/log_event?alt=json → 200 (213ms, 50B)
[2026-07-21T14:10:23.761Z] GET http://localhost:5210/ → 200 (3ms, ?B)
[2026-07-21T14:10:23.761Z] POST https://www.youtube.com/youtubei/v1/log_event?alt=json → pending (?ms, ?B)
[2026-07-21T14:10:23.776Z] POST https://www.youtube.com/api/stats/atr?ns=yt&el=embedded&cpn=x4yvbv1HK52e5xHK&ver=2&cmt=0&fs=0&rt=19.443&euri=http%3A%2F%2Flocalhost%3A5210%2F&lact=19454&cl=948671898&mos=0&volume=100&cbrand=apple&cbr=HeadlessChrome&cbrver=145.0.7632.6&c=WEB_EMBEDDED_PLAYER&cver=2.20260720.01.00&cplayer=UNIPLAYER&cos=Macintosh&cosver=10_15_7&cplatform=DESKTOP&epm=1&hl=en_US&cr=IL&len=118&fexp=v1%2C24004644%2C27058999%2C34656%2C124674%2C117689%2C9252%2C3479%2C13030%2C23206%2C68547%2C32155%2C15105%2C25059%2C4174%2C30447%2C18705%2C21437%2C4571%2C24439%2C4664%2C6620%2C2784%2C23826%2C9500%2C1840%2C45715%2C13160%2C45932%2C10619%2C4199%2C30114%2C9181%2C15416%2C82%2C29960%2C7524%2C366%2C5667%2C1168%2C372%2C7759%2C16451%2C173%2C8868%2C3475%2C27%2C5326%2C1900%2C9562%2C928%2C2248%2C115%2C158%2C11809%2C13051%2C756%2C9476%2C21077%2C446%2C7635%2C1311%2C666%2C619%2C286%2C652%2C2%2C5096%2C2793%2C1297%2C3189%2C3099%2C1831%2C18759%2C318%2C1454%2C5899%2C4433%2C783&muted=0&docid=jOdf0gJrZug → pending (?ms, ?B)
[2026-07-21T14:10:23.779Z] POST https://www.youtube.com/youtubei/v1/log_event?alt=json → pending (?ms, ?B)
[2026-07-21T14:10:23.780Z] GET http://localhost:5210/@vite/client → 200 (10ms, ?B)
[2026-07-21T14:10:23.781Z] GET https://fonts.googleapis.com/css2?family=Frank+Ruhl+Libre:wght@300;400;500;700;900&family=Heebo:wght@300;400;500;600;700;800;900&family=Inter:wght@400;500;600;700;800;900&family=JetBrains+Mono:wght@400;500&display=swap → 200 (?ms, -743B)
[2026-07-21T14:10:23.781Z] GET http://localhost:5210/src/main.jsx?t=1784642992988 → 200 (1ms, ?B)
[2026-07-21T14:10:23.782Z] GET http://localhost:5210/@react-refresh → 200 (13ms, ?B)
[2026-07-21T14:10:23.782Z] GET http://localhost:5210/node_modules/.vite/deps/react_jsx-dev-runtime.js?v=2222e0de → 200 (?ms, -310B)
[2026-07-21T14:10:23.783Z] GET http://localhost:5210/node_modules/.vite/deps/react.js?v=2222e0de → 200 (?ms, -307B)
[2026-07-21T14:10:23.783Z] GET http://localhost:5210/node_modules/.vite/deps/react-dom_client.js?v=2222e0de → 200 (?ms, -313B)
[2026-07-21T14:10:23.784Z] GET http://localhost:5210/src/index.css?t=1784642992988 → 200 (17ms, ?B)
[2026-07-21T14:10:23.785Z] GET http://localhost:5210/src/App.jsx?t=1784642992988 → 200 (17ms, ?B)
[2026-07-21T14:10:23.785Z] GET http://localhost:5210/src/HeroShowcase.jsx → 200 (20ms, ?B)
[2026-07-21T14:10:23.785Z] GET http://localhost:5210/src/DesignShowcase.jsx → 200 (22ms, ?B)
[2026-07-21T14:10:23.785Z] GET http://localhost:5210/src/CollabsHeroShowcase.jsx → 200 (23ms, ?B)
[2026-07-21T14:10:23.785Z] GET http://localhost:5210/src/lib/smoothScroll.js → 200 (29ms, ?B)
[2026-07-21T14:10:23.785Z] GET http://localhost:5210/src/lib/analytics.js → 200 (17ms, ?B)
[2026-07-21T14:10:23.786Z] GET http://localhost:5210/node_modules/.vite/deps/chunk-YI4H6FPL.js?v=2222e0de → 200 (2ms, -310B)
[2026-07-21T14:10:23.788Z] GET http://localhost:5210/node_modules/.vite/deps/chunk-DC5AMYBS.js?v=2222e0de → 200 (?ms, -308B)
[2026-07-21T14:10:23.788Z] GET http://localhost:5210/node_modules/.vite/deps/chunk-42BTM2VB.js?v=2222e0de → 200 (?ms, -310B)
[2026-07-21T14:10:23.791Z] GET http://localhost:5210/node_modules/vite/dist/client/env.mjs → 200 (15ms, ?B)
[2026-07-21T14:10:23.795Z] GET https://fonts.gstatic.com/s/heebo/v28/NGS6v5_NC0k9P9H0TbFhsqMA6aw.woff2 → 200 (?ms, -815B)
[2026-07-21T14:10:23.795Z] GET https://fonts.gstatic.com/s/heebo/v28/NGS6v5_NC0k9P9GKTbFhsqMA6aw.woff2 → 200 (2ms, -815B)
[2026-07-21T14:10:23.797Z] GET https://fonts.gstatic.com/s/heebo/v28/NGS6v5_NC0k9P9GYTbFhsqMA6aw.woff2 → 200 (1ms, -815B)
[2026-07-21T14:10:23.798Z] GET https://fonts.gstatic.com/s/heebo/v28/NGS6v5_NC0k9P9H2TbFhsqMA.woff2 → 200 (1ms, -815B)
[2026-07-21T14:10:23.799Z] GET https://fonts.gstatic.com/s/inter/v20/UcC73FwrK3iLTeHuS_nVMrMxCp50SjIa1ZL7W0Q5nw.woff2 → 200 (1ms, -815B)
[2026-07-21T14:10:23.800Z] GET https://fonts.gstatic.com/s/jetbrainsmono/v24/tDbv2o-flEEny0FZhsfKu5WU4zr3E_BX0PnT8RD8yKwBNntkaToggR7BYRbKPxDcwgknk-4.woff2 → 200 (1ms, -815B)
[2026-07-21T14:10:23.802Z] GET http://localhost:5210/src/components/Navbar.jsx → 200 (11ms, ?B)
[2026-07-21T14:10:23.802Z] GET http://localhost:5210/src/components/Hero.jsx → 200 (11ms, ?B)
[2026-07-21T14:10:23.802Z] GET http://localhost:5210/src/components/WhoWeAre.jsx?t=1784642992988 → 200 (12ms, ?B)
[2026-07-21T14:10:23.803Z] GET http://localhost:5210/src/components/WhatWeBelieve.jsx → 200 (12ms, ?B)
[2026-07-21T14:10:23.803Z] GET http://localhost:5210/src/components/ManInArena.jsx → 200 (12ms, ?B)
[2026-07-21T14:10:23.803Z] GET http://localhost:5210/src/components/Programs.jsx → 200 (13ms, ?B)
[2026-07-21T14:10:23.803Z] GET http://localhost:5210/src/components/FiveContent.jsx → 200 (13ms, ?B)
[2026-07-21T14:10:23.803Z] GET http://localhost:5210/src/components/Footer.jsx → 200 (13ms, ?B)
[2026-07-21T14:10:23.803Z] GET http://localhost:5210/src/components/ContactModal.jsx → 200 (15ms, ?B)
[2026-07-21T14:10:23.803Z] GET http://localhost:5210/src/components/Accessibility/AccessibilityWidget.jsx → 200 (15ms, ?B)
[2026-07-21T14:10:23.804Z] GET http://localhost:5210/src/pages/LiabahPage.jsx → 200 (13ms, ?B)
[2026-07-21T14:10:23.804Z] GET http://localhost:5210/src/pages/AcademyPage.jsx → 200 (13ms, ?B)
[2026-07-21T14:10:23.804Z] GET http://localhost:5210/src/pages/CollaborationsPage.jsx → pending (?ms, ?B)
[2026-07-21T14:10:23.804Z] GET http://localhost:5210/src/pages/AmirPage.jsx → pending (?ms, ?B)
[2026-07-21T14:10:23.804Z] GET http://localhost:5210/src/pages/AlumniPage.jsx → pending (?ms, ?B)
[2026-07-21T14:10:23.804Z] GET http://localhost:5210/src/pages/TeamPage.jsx → 200 (15ms, ?B)
[2026-07-21T14:10:23.804Z] GET http://localhost:5210/src/HeroConcepts.jsx → 200 (16ms, ?B)
[2026-07-21T14:10:23.805Z] GET http://localhost:5210/src/data/contact.js → pending (?ms, ?B)
[2026-07-21T14:10:23.805Z] GET http://localhost:5210/src/components/showcase/HeroV1Monument.jsx → pending (?ms, ?B)
[2026-07-21T14:10:23.805Z] GET http://localhost:5210/src/components/showcase/HeroV2Arena.jsx → pending (?ms, ?B)
[2026-07-21T14:10:23.805Z] GET http://localhost:5210/src/components/showcase/HeroV3Fingers.jsx → pending (?ms, ?B)
[2026-07-21T14:10:23.805Z] GET http://localhost:5210/src/components/showcase/HeroV4Manifesto.jsx → pending (?ms, ?B)
[2026-07-21T14:10:23.807Z] GET http://localhost:5210/src/variants/VariantA.jsx → pending (?ms, ?B)
[2026-07-21T14:10:23.807Z] GET http://localhost:5210/src/variants/VariantB.jsx → pending (?ms, ?B)
[2026-07-21T14:10:23.807Z] GET http://localhost:5210/src/variants/VariantC.jsx → pending (?ms, ?B)
[2026-07-21T14:10:23.808Z] GET http://localhost:5210/src/variants/VariantD.jsx → pending (?ms, ?B)
[2026-07-21T14:10:23.808Z] GET http://localhost:5210/src/components/collabs/hero-versions/HeroCorporateSplit.jsx → pending (?ms, ?B)
[2026-07-21T14:10:23.808Z] GET http://localhost:5210/src/components/collabs/hero-versions/HeroDataBoardroom.jsx → pending (?ms, ?B)
[2026-07-21T14:10:23.812Z] GET http://localhost:5210/src/components/collabs/hero-versions/HeroEditorialLedger.jsx → pending (?ms, ?B)
[2026-07-21T14:10:23.812Z] GET http://localhost:5210/src/components/collabs/hero-versions/HeroCapabilityBento.jsx → pending (?ms, ?B)
[2026-07-21T14:10:23.813Z] GET http://localhost:5210/node_modules/.vite/deps/lucide-react.js?v=2222e0de → 200 (?ms, -312B)
[2026-07-21T14:10:23.813Z] GET http://localhost:5210/src/assets/logo.png?import → pending (?ms, ?B)
[2026-07-21T14:10:23.814Z] GET http://localhost:5210/src/components/ui/Button.jsx → pending (?ms, ?B)
[2026-07-21T14:10:23.814Z] GET http://localhost:5210/node_modules/.vite/deps/gsap.js?v=2222e0de → 200 (?ms, -312B)
[2026-07-21T14:10:23.814Z] GET http://localhost:5210/node_modules/.vite/deps/gsap_ScrollTrigger.js?v=2222e0de → 200 (?ms, -312B)
[2026-07-21T14:10:23.814Z] GET http://localhost:5210/node_modules/.vite/deps/@studio-freight_lenis.js?v=2222e0de → 200 (?ms, -310B)
[2026-07-21T14:10:23.814Z] GET http://localhost:5210/src/hooks/useReveal.js → pending (?ms, ?B)
[2026-07-21T14:10:23.815Z] GET http://localhost:5210/src/hooks/useCountUp.js → pending (?ms, ?B)
[2026-07-21T14:10:23.817Z] GET http://localhost:5210/src/components/SoftDivider.jsx → pending (?ms, ?B)
[2026-07-21T14:10:23.817Z] GET http://localhost:5210/src/components/liabah/LiabahHero.jsx → pending (?ms, ?B)
[2026-07-21T14:10:23.817Z] GET http://localhost:5210/src/components/liabah/LiabahEssence.jsx → pending (?ms, ?B)
[2026-07-21T14:10:23.817Z] GET http://localhost:5210/src/components/liabah/LiabahPrograms.jsx → pending (?ms, ?B)
[2026-07-21T14:10:23.817Z] GET http://localhost:5210/src/components/liabah/LiabahCoaches.jsx → pending (?ms, ?B)
[2026-07-21T14:10:23.818Z] GET http://localhost:5210/src/components/liabah/LiabahMap.jsx → pending (?ms, ?B)
[2026-07-21T14:10:23.818Z] GET http://localhost:5210/src/components/liabah/LiabahGallery.jsx → pending (?ms, ?B)
[2026-07-21T14:10:23.818Z] GET http://localhost:5210/src/components/liabah/LiabahFAQ.jsx → pending (?ms, ?B)
[2026-07-21T14:10:23.818Z] GET http://localhost:5210/src/components/liabah/LiabahCTA.jsx → pending (?ms, ?B)
[2026-07-21T14:10:23.818Z] GET http://localhost:5210/src/components/academy/AcademyHero.jsx → pending (?ms, ?B)
[2026-07-21T14:10:23.818Z] GET http://localhost:5210/src/components/academy/AcademyManifesto.jsx → pending (?ms, ?B)
[2026-07-21T14:10:23.818Z] GET http://localhost:5210/src/components/academy/AcademyAxes.jsx → pending (?ms, ?B)
[2026-07-21T14:10:23.818Z] GET http://localhost:5210/src/components/academy/AcademyPrograms.jsx → pending (?ms, ?B)
[2026-07-21T14:10:23.818Z] GET http://localhost:5210/src/components/academy/AcademyImpact.jsx → pending (?ms, ?B)
[2026-07-21T14:10:23.818Z] GET http://localhost:5210/src/components/academy/AcademyJourney.jsx → pending (?ms, ?B)
[2026-07-21T14:10:23.818Z] GET http://localhost:5210/src/components/academy/AcademyAdmissions.jsx → pending (?ms, ?B)
[2026-07-21T14:10:23.818Z] GET http://localhost:5210/src/components/academy/AcademyTestimonials.jsx → pending (?ms, ?B)
[2026-07-21T14:10:23.818Z] GET http://localhost:5210/src/components/academy/AcademyGallery.jsx → pending (?ms, ?B)
[2026-07-21T14:10:23.818Z] GET http://localhost:5210/src/components/academy/AcademyFAQ.jsx → pending (?ms, ?B)
[2026-07-21T14:10:23.818Z] GET http://localhost:5210/src/components/academy/AcademyCTA.jsx → pending (?ms, ?B)
[2026-07-21T14:10:23.818Z] GET http://localhost:5210/node_modules/.vite/deps/react-dom.js?v=2222e0de → 200 (?ms, ?B)
[2026-07-21T14:10:23.819Z] GET http://localhost:5210/src/hooks/useAccessibility.js → pending (?ms, ?B)
[2026-07-21T14:10:23.819Z] GET http://localhost:5210/src/components/Accessibility/AccessibilityStatement.jsx → pending (?ms, ?B)
[2026-07-21T14:10:23.819Z] GET http://localhost:5210/src/components/team/TeamHero.jsx → pending (?ms, ?B)
[2026-07-21T14:10:23.819Z] GET http://localhost:5210/src/components/team/TeamRoster.jsx → pending (?ms, ?B)
[2026-07-21T14:10:23.819Z] GET http://localhost:5210/src/components/team/TeamIntro.jsx → pending (?ms, ?B)
[2026-07-21T14:10:23.819Z] GET http://localhost:5210/src/components/team/TeamCoach.jsx → pending (?ms, ?B)
[2026-07-21T14:10:23.819Z] GET http://localhost:5210/src/components/team/TeamInstructor.jsx → pending (?ms, ?B)
[2026-07-21T14:10:23.819Z] GET http://localhost:5210/src/components/team/TeamHq.jsx → pending (?ms, ?B)
[2026-07-21T14:10:23.819Z] GET http://localhost:5210/src/components/team/TeamCTA.jsx → pending (?ms, ?B)
[2026-07-21T14:10:23.820Z] GET http://localhost:5210/src/components/hero-concepts/ConceptEditorialSplit.jsx → pending (?ms, ?B)
[2026-07-21T14:10:23.820Z] GET http://localhost:5210/src/components/hero-concepts/ConceptOversizedType.jsx → pending (?ms, ?B)
[2026-07-21T14:10:23.820Z] GET http://localhost:5210/src/components/hero-concepts/ConceptBentoMosaic.jsx → pending (?ms, ?B)
[2026-07-21T14:10:23.820Z] GET http://localhost:5210/src/components/hero-concepts/ConceptSpotlightArena.jsx → pending (?ms, ?B)
[2026-07-21T14:10:23.820Z] GET http://localhost:5210/src/components/hero-concepts/ConceptFramedPlate.jsx → pending (?ms, ?B)
[2026-07-21T14:10:23.825Z] GET http://localhost:5210/src/components/collabs/CollabsStats.jsx → 200 (10ms, ?B)
[2026-07-21T14:10:23.825Z] GET http://localhost:5210/src/components/collabs/CollabsIntro.jsx → 200 (11ms, ?B)
[2026-07-21T14:10:23.825Z] GET http://localhost:5210/src/components/collabs/CollabsProcess.jsx → 200 (11ms, ?B)
[2026-07-21T14:10:23.825Z] GET http://localhost:5210/src/components/collabs/CollabsContentWorlds.jsx → 200 (11ms, ?B)
[2026-07-21T14:10:23.826Z] GET http://localhost:5210/src/components/collabs/CollabsFormats.jsx → 200 (9ms, ?B)
[2026-07-21T14:10:23.826Z] GET http://localhost:5210/src/components/collabs/CollabsTeam.jsx → 200 (10ms, ?B)
[2026-07-21T14:10:23.826Z] GET http://localhost:5210/src/components/collabs/CollabsPartners.jsx → 200 (10ms, ?B)
[2026-07-21T14:10:23.826Z] GET http://localhost:5210/src/components/collabs/CollabsCTA.jsx → 200 (10ms, ?B)
[2026-07-21T14:10:23.826Z] GET http://localhost:5210/src/components/amir/AmirHero.jsx → 200 (10ms, ?B)
[2026-07-21T14:10:23.826Z] GET http://localhost:5210/src/components/amir/AmirIntro.jsx → 200 (10ms, ?B)
[2026-07-21T14:10:23.826Z] GET http://localhost:5210/src/components/amir/AmirZones.jsx → 200 (10ms, ?B)
[2026-07-21T14:10:23.826Z] GET http://localhost:5210/src/components/amir/AmirContentWorlds.jsx → 200 (10ms, ?B)
[2026-07-21T14:10:23.826Z] GET http://localhost:5210/src/components/amir/AmirCTA.jsx → 200 (11ms, ?B)
[2026-07-21T14:10:23.826Z] GET http://localhost:5210/src/components/alumni/AlumniHero.jsx → 200 (11ms, ?B)
[2026-07-21T14:10:23.826Z] GET http://localhost:5210/src/components/alumni/AlumniStats.jsx → 200 (11ms, ?B)
[2026-07-21T14:10:23.826Z] GET http://localhost:5210/src/components/alumni/AlumniIntro.jsx → 200 (11ms, ?B)
[2026-07-21T14:10:23.826Z] GET http://localhost:5210/src/components/alumni/YoavProgram.jsx → 200 (12ms, ?B)
[2026-07-21T14:10:23.826Z] GET http://localhost:5210/src/components/alumni/AlumniCTA.jsx → 200 (12ms, ?B)
[2026-07-21T14:10:23.830Z] GET http://localhost:5210/src/hooks/usePrefersReducedMotion.js → 200 (7ms, ?B)
[2026-07-21T14:10:23.830Z] GET http://localhost:5210/src/components/academy/shared.jsx → 200 (8ms, ?B)
[2026-07-21T14:10:23.830Z] GET http://localhost:5210/src/components/collabs/hero-versions/heroShared.js → 200 (7ms, ?B)
[2026-07-21T14:10:23.831Z] GET http://localhost:5210/src/data/liabahData.js → 200 (7ms, ?B)
[2026-07-21T14:10:23.831Z] GET http://localhost:5210/src/components/liabah/shared.jsx → 200 (7ms, ?B)
[2026-07-21T14:10:23.832Z] GET http://localhost:5210/src/data/academyData.js → 200 (7ms, ?B)
[2026-07-21T14:10:23.832Z] GET http://localhost:5210/src/data/israelOutline.js → 200 (7ms, ?B)
[2026-07-21T14:10:23.834Z] GET http://localhost:5210/src/data/teamData.js → 200 (5ms, ?B)
[2026-07-21T14:10:23.836Z] GET http://localhost:5210/src/data/amirData.js → 200 (3ms, ?B)
[2026-07-21T14:10:23.837Z] GET http://localhost:5210/src/data/alumniData.js → 200 (2ms, ?B)
[2026-07-21T14:10:23.840Z] POST https://fqgshlgvwwvwxsytksdn.supabase.co/rest/v1/page_views → 201 (70ms, ?B)
[2026-07-21T14:10:23.841Z] GET http://localhost:5210/src/assets/logo.png → 304 (?ms, ?B)
[2026-07-21T14:10:23.841Z] GET http://localhost:5210/Hero-Pics/214A0011.jpg → 304 (?ms, ?B)
[2026-07-21T14:10:23.841Z] GET http://localhost:5210/logo.png → 304 (?ms, ?B)
[2026-07-21T14:10:23.841Z] GET https://www.youtube.com/embed/jOdf0gJrZug?rel=0&modestbranding=1 → 200 (167ms, 54581B)
[2026-07-21T14:10:23.857Z] GET http://localhost:5210/fonts/rag-marom-2.1.otf → 304 (1ms, ?B)
[2026-07-21T14:10:23.857Z] GET http://localhost:5210/Hero-Pics/214A0027.jpg → 304 (19ms, ?B)
[2026-07-21T14:10:23.857Z] GET http://localhost:5210/Hero-Pics/214A0034.jpg → 304 (19ms, ?B)
[2026-07-21T14:10:23.857Z] GET http://localhost:5210/Hero-Pics/214A0088.jpg → 304 (19ms, ?B)
[2026-07-21T14:10:23.857Z] GET http://localhost:5210/Hero-Pics/214A0114.jpg → 304 (19ms, ?B)
[2026-07-21T14:10:23.857Z] GET http://localhost:5210/Hero-Pics/214A0511.jpg → 304 (19ms, ?B)
[2026-07-21T14:10:23.857Z] GET http://localhost:5210/Hero-Pics/_14A9355.jpg → 304 (19ms, ?B)
[2026-07-21T14:10:23.949Z] GET http://localhost:5210/our_product_pics/core_pic.jpg → 304 (2ms, ?B)
[2026-07-21T14:10:24.011Z] GET https://www.youtube.com/s/player/dfc3d2b2/www-player.css → 200 (?ms, -682B)
[2026-07-21T14:10:24.011Z] GET https://www.youtube.com/s/_/ytembeds/_/ss/k=ytembeds.base.voLKPuLo35M.L.W.O/am=AAAAgA/d=1/br=1/rs=AGKMywFbOiAirpOGLQLAetGjYdyOjZXjoA/m=root,base → 200 (?ms, -858B)
[2026-07-21T14:10:24.013Z] GET https://fonts.gstatic.com/s/roboto/v48/KFO7CnqEu92Fr1ME7kSn66aGLdTylUAMa3yUBHMdazQ.woff2 → 200 (?ms, -815B)
[2026-07-21T14:10:24.038Z] GET https://www.youtube.com/s/_/ytembeds/_/js/k=ytembeds.base.en_US.ODfFrMosPCQ.es5.O/am=AAAAgA/d=1/excm=base,root/br=1/rs=AGKMywFu4ZW9pRIW_XDhf8ZIbFxql1q7kw/m=root,base → 200 (?ms, -915B)
[2026-07-21T14:10:24.038Z] GET https://www.youtube.com/s/player/dfc3d2b2/player_embed.vflset/en_US/base.js → 200 (?ms, -690B)
[2026-07-21T14:10:24.038Z] GET https://googleads.g.doubleclick.net/pagead/id → 302 (64ms, ?B)
[2026-07-21T14:10:24.038Z] GET https://static.doubleclick.net/instream/ad_status.js → 200 (?ms, -723B)
[2026-07-21T14:10:24.039Z] GET https://www.youtube.com/s/_/ytembeds/_/js/k=ytembeds.base.en_US.ODfFrMosPCQ.es5.O/ck=ytembeds.base.voLKPuLo35M.L.W.O/am=AAAAgA/d=1/exm=base,root/excm=base,root/ed=1/br=1/rs=AGKMywEWcLUfQi49tTazVU5JOJTK_YxkBQ/m=r78Drb → 200 (?ms, -915B)
[2026-07-21T14:10:24.079Z] GET https://i.ytimg.com/vi/jOdf0gJrZug/sddefault.jpg?sqp=-oaymwEmCIAFEOAD8quKqQMa8AEB-AH-CYAC0AWKAgwIABABGGUgRyg_MA8=&rs=AOn4CLC4q-6GMysJyzvBKBL3FL7AWuswyA → 200 (270ms, 13726B)
[2026-07-21T14:10:24.102Z] GET https://googleads.g.doubleclick.net/pagead/id?slf_rd=1 → 200 (134ms, 146B)
[2026-07-21T14:10:24.545Z] GET https://www.google.com/js/th/3vS4MzNmk5bpUZkAbQkUNnMBJb7mHJQeUuR4lw-z7K0.js → 200 (?ms, -813B)
[2026-07-21T14:10:24.584Z] GET https://www.youtube.com/generate_204?Q9IqsQ → 204 (10ms, 10B)
[2026-07-21T14:10:24.591Z] POST https://jnn-pa.googleapis.com/$rpc/google.internal.waa.v1.Waa/GenerateIT → 200 (142ms, 145B)
[2026-07-21T14:10:25.457Z] GET http://localhost:5210/our_product_pics/mehina_pic.png → 304 (1ms, ?B)
[2026-07-21T14:10:25.457Z] GET https://yt3.ggpht.com/_tWmyW71SI5j7yNXi4qb6wW_3DOzOEI9vnJ94tfgA5MUizLAMw3aqFWvAySo6MYPIhTuoJqCNag=s68-c-k-c0x00ffffff-no-rj → 200 (1ms, -565B)
[2026-07-21T14:10:25.471Z] POST https://www.youtube.com/youtubei/v1/log_event?alt=json → pending (?ms, ?B)
[2026-07-21T14:10:25.597Z] POST https://www.youtube.com/youtubei/v1/log_event?alt=json → pending (?ms, ?B)
[2026-07-21T14:10:25.690Z] POST https://www.youtube.com/youtubei/v1/log_event?alt=json → 200 (63ms, 50B)
[2026-07-21T14:10:25.798Z] POST https://www.youtube.com/youtubei/v1/log_event?alt=json → pending (?ms, ?B)
[2026-07-21T14:10:27.470Z] POST https://www.youtube.com/youtubei/v1/log_event?alt=json → 200 (176ms, 50B)
[2026-07-21T14:11:24.033Z] POST https://www.youtube.com/youtubei/v1/log_event?alt=json → 200 (281ms, 272B)
[2026-07-21T14:12:24.244Z] GET https://googleads.g.doubleclick.net/pagead/id → 302 (218ms, ?B)
[2026-07-21T14:12:24.463Z] GET https://googleads.g.doubleclick.net/pagead/id?slf_rd=1 → 200 (74ms, 242B)
[2026-07-21T14:13:18.992Z] GET http://localhost:5210/ → 200 (15ms, 2405B)
[2026-07-21T14:13:18.992Z] POST https://www.youtube.com/youtubei/v1/log_event?alt=json → pending (?ms, ?B)
[2026-07-21T14:13:19.018Z] POST https://www.youtube.com/api/stats/atr?ns=yt&el=embedded&cpn=15zhgMHovrAufqbQ&ver=2&cmt=0&fs=0&rt=174.959&euri=http%3A%2F%2Flocalhost%3A5210%2F&lact=174968&cl=948671898&mos=0&volume=100&cbrand=apple&cbr=HeadlessChrome&cbrver=145.0.7632.6&c=WEB_EMBEDDED_PLAYER&cver=2.20260720.01.00&cplayer=UNIPLAYER&cos=Macintosh&cosver=10_15_7&cplatform=DESKTOP&epm=1&hl=en_US&cr=IL&len=118&fexp=v1%2C24004644%2C27058999%2C34656%2C124674%2C117689%2C9252%2C3479%2C13030%2C6257%2C16949%2C68547%2C32155%2C15105%2C25059%2C4174%2C30447%2C18705%2C21437%2C4571%2C24439%2C4664%2C6620%2C2784%2C23826%2C9500%2C1840%2C45715%2C13160%2C45932%2C10619%2C4199%2C30114%2C9181%2C15416%2C82%2C29960%2C7524%2C366%2C5667%2C1168%2C372%2C7759%2C16451%2C173%2C8868%2C3475%2C27%2C5326%2C1900%2C9562%2C928%2C2248%2C115%2C158%2C11809%2C13051%2C756%2C9476%2C21077%2C446%2C7635%2C1311%2C666%2C619%2C286%2C652%2C2%2C5096%2C2793%2C1297%2C3189%2C3099%2C1831%2C18759%2C318%2C1454%2C5899%2C4433%2C783&muted=0&docid=jOdf0gJrZug → pending (?ms, ?B)
[2026-07-21T14:13:19.020Z] POST https://www.youtube.com/youtubei/v1/log_event?alt=json → pending (?ms, ?B)
[2026-07-21T14:13:19.021Z] GET http://localhost:5210/@vite/client → 200 (109ms, 182535B)
[2026-07-21T14:13:19.021Z] GET https://fonts.googleapis.com/css2?family=Frank+Ruhl+Libre:wght@300;400;500;700;900&family=Heebo:wght@300;400;500;600;700;800;900&family=Inter:wght@400;500;600;700;800;900&family=JetBrains+Mono:wght@400;500&display=swap → 200 (?ms, -743B)
[2026-07-21T14:13:19.021Z] GET http://localhost:5210/src/main.jsx → 200 (104ms, 4325B)
[2026-07-21T14:13:19.021Z] GET http://localhost:5210/@react-refresh → 200 (99ms, 113132B)
[2026-07-21T14:13:19.026Z] GET https://fonts.gstatic.com/s/heebo/v28/NGS6v5_NC0k9P9H0TbFhsqMA6aw.woff2 → 200 (?ms, -815B)
[2026-07-21T14:13:19.026Z] GET https://fonts.gstatic.com/s/heebo/v28/NGS6v5_NC0k9P9GKTbFhsqMA6aw.woff2 → 200 (?ms, -815B)
[2026-07-21T14:13:19.026Z] GET https://fonts.gstatic.com/s/heebo/v28/NGS6v5_NC0k9P9GYTbFhsqMA6aw.woff2 → 200 (?ms, -815B)
[2026-07-21T14:13:19.026Z] GET https://fonts.gstatic.com/s/heebo/v28/NGS6v5_NC0k9P9H2TbFhsqMA.woff2 → 200 (1ms, -815B)
[2026-07-21T14:13:19.027Z] GET https://fonts.gstatic.com/s/inter/v20/UcC73FwrK3iLTeHuS_nVMrMxCp50SjIa1ZL7W0Q5nw.woff2 → 200 (?ms, -815B)
[2026-07-21T14:13:19.027Z] GET https://fonts.gstatic.com/s/jetbrainsmono/v24/tDbv2o-flEEny0FZhsfKu5WU4zr3E_BX0PnT8RD8yKwBNntkaToggR7BYRbKPxDcwgknk-4.woff2 → 200 (?ms, -815B)
[2026-07-21T14:13:19.126Z] GET http://localhost:5210/node_modules/.vite/deps/react_jsx-dev-runtime.js?v=2222e0de → 200 (?ms, -310B)
[2026-07-21T14:13:19.126Z] GET http://localhost:5210/node_modules/.vite/deps/react.js?v=2222e0de → 200 (?ms, -307B)
[2026-07-21T14:13:19.126Z] GET http://localhost:5210/node_modules/.vite/deps/react-dom_client.js?v=2222e0de → 200 (?ms, -313B)
[2026-07-21T14:13:19.126Z] GET http://localhost:5210/src/index.css → 200 (402ms, 95614B)
[2026-07-21T14:13:19.126Z] GET http://localhost:5210/src/App.jsx → 200 (143ms, 29392B)
[2026-07-21T14:13:19.126Z] GET http://localhost:5210/src/HeroShowcase.jsx → 200 (134ms, 11822B)
[2026-07-21T14:13:19.126Z] GET http://localhost:5210/src/DesignShowcase.jsx → 200 (229ms, 16291B)
[2026-07-21T14:13:19.126Z] GET http://localhost:5210/src/CollabsHeroShowcase.jsx → 200 (57ms, 23003B)
[2026-07-21T14:13:19.127Z] GET http://localhost:5210/src/lib/smoothScroll.js → 200 (37ms, 12475B)
[2026-07-21T14:13:19.127Z] GET http://localhost:5210/src/lib/analytics.js → 200 (47ms, 9794B)
[2026-07-21T14:13:19.127Z] GET http://localhost:5210/node_modules/.vite/deps/chunk-YI4H6FPL.js?v=2222e0de → 200 (?ms, -310B)
[2026-07-21T14:13:19.127Z] GET http://localhost:5210/node_modules/.vite/deps/chunk-DC5AMYBS.js?v=2222e0de → 200 (?ms, -308B)
[2026-07-21T14:13:19.127Z] GET http://localhost:5210/node_modules/.vite/deps/chunk-42BTM2VB.js?v=2222e0de → 200 (?ms, -310B)
[2026-07-21T14:13:19.130Z] GET http://localhost:5210/node_modules/vite/dist/client/env.mjs → 200 (47ms, 3861B)
[2026-07-21T14:13:19.164Z] GET http://localhost:5210/node_modules/.vite/deps/@studio-freight_lenis.js?v=2222e0de → 200 (?ms, -310B)
[2026-07-21T14:13:19.164Z] GET http://localhost:5210/node_modules/.vite/deps/gsap.js?v=2222e0de → 200 (?ms, -312B)
[2026-07-21T14:13:19.164Z] GET http://localhost:5210/node_modules/.vite/deps/gsap_ScrollTrigger.js?v=2222e0de → 200 (1ms, -312B)
[2026-07-21T14:13:19.184Z] GET http://localhost:5210/src/components/collabs/hero-versions/HeroCorporateSplit.jsx → 200 (419ms, 29900B)
[2026-07-21T14:13:19.184Z] GET http://localhost:5210/src/components/collabs/hero-versions/HeroDataBoardroom.jsx → 200 (415ms, 31799B)
[2026-07-21T14:13:19.184Z] GET http://localhost:5210/src/components/collabs/hero-versions/HeroEditorialLedger.jsx → 200 (434ms, 33476B)
[2026-07-21T14:13:19.184Z] GET http://localhost:5210/src/components/collabs/hero-versions/HeroCapabilityBento.jsx → 200 (413ms, 36862B)
[2026-07-21T14:13:19.260Z] GET http://localhost:5210/src/components/showcase/HeroV1Monument.jsx → 200 (360ms, 38281B)
[2026-07-21T14:13:19.260Z] GET http://localhost:5210/src/components/showcase/HeroV2Arena.jsx → 200 (358ms, 39771B)
[2026-07-21T14:13:19.260Z] GET http://localhost:5210/src/components/showcase/HeroV3Fingers.jsx → 200 (362ms, 35734B)
[2026-07-21T14:13:19.260Z] GET http://localhost:5210/src/components/showcase/HeroV4Manifesto.jsx → 200 (363ms, 62610B)
[2026-07-21T14:13:19.270Z] GET http://localhost:5210/src/components/Navbar.jsx → 200 (358ms, 27683B)
[2026-07-21T14:13:19.270Z] GET http://localhost:5210/src/components/Hero.jsx → 200 (385ms, 34841B)
[2026-07-21T14:13:19.270Z] GET http://localhost:5210/src/components/WhoWeAre.jsx → 200 (384ms, 17294B)
[2026-07-21T14:13:19.270Z] GET http://localhost:5210/src/components/WhatWeBelieve.jsx → 200 (383ms, 23711B)
[2026-07-21T14:13:19.270Z] GET http://localhost:5210/src/components/ManInArena.jsx → 200 (355ms, 26526B)
[2026-07-21T14:13:19.270Z] GET http://localhost:5210/src/components/Programs.jsx → 200 (359ms, 46476B)
[2026-07-21T14:13:19.270Z] GET http://localhost:5210/src/components/FiveContent.jsx → 200 (360ms, 46199B)
[2026-07-21T14:13:19.270Z] GET http://localhost:5210/src/components/Footer.jsx → 200 (364ms, 17731B)
[2026-07-21T14:13:19.270Z] GET http://localhost:5210/src/components/ContactModal.jsx → 200 (482ms, 140796B)
[2026-07-21T14:13:19.270Z] GET http://localhost:5210/src/components/Accessibility/AccessibilityWidget.jsx → 200 (456ms, 59359B)
[2026-07-21T14:13:19.270Z] GET http://localhost:5210/src/pages/LiabahPage.jsx → 200 (386ms, 9990B)
[2026-07-21T14:13:19.270Z] GET http://localhost:5210/src/pages/AcademyPage.jsx → 200 (384ms, 13542B)
[2026-07-21T14:13:19.270Z] GET http://localhost:5210/src/pages/CollaborationsPage.jsx → 200 (391ms, 12155B)
[2026-07-21T14:13:19.270Z] GET http://localhost:5210/src/pages/AmirPage.jsx → 200 (388ms, 8470B)
[2026-07-21T14:13:19.270Z] GET http://localhost:5210/src/pages/AlumniPage.jsx → 200 (389ms, 7905B)
[2026-07-21T14:13:19.270Z] GET http://localhost:5210/src/pages/TeamPage.jsx → 200 (393ms, 9176B)
[2026-07-21T14:13:19.270Z] GET http://localhost:5210/src/HeroConcepts.jsx → 200 (463ms, 22615B)
[2026-07-21T14:13:19.270Z] GET http://localhost:5210/src/data/contact.js → 200 (392ms, 3188B)
[2026-07-21T14:13:19.355Z] GET http://localhost:5210/src/variants/VariantA.jsx → 200 (379ms, 50254B)
[2026-07-21T14:13:19.355Z] GET http://localhost:5210/src/variants/VariantB.jsx → 200 (401ms, 50511B)
[2026-07-21T14:13:19.355Z] GET http://localhost:5210/src/variants/VariantC.jsx → 200 (404ms, 59723B)
[2026-07-21T14:13:19.355Z] GET http://localhost:5210/src/variants/VariantD.jsx → 200 (392ms, 59850B)
[2026-07-21T14:13:19.597Z] GET http://localhost:5210/node_modules/.vite/deps/lucide-react.js?v=2222e0de → 200 (?ms, -312B)
[2026-07-21T14:13:19.597Z] GET http://localhost:5210/src/hooks/usePrefersReducedMotion.js → 200 (136ms, 4480B)
[2026-07-21T14:13:19.597Z] GET http://localhost:5210/src/components/academy/shared.jsx → 200 (160ms, 21554B)
[2026-07-21T14:13:19.597Z] GET http://localhost:5210/src/components/collabs/hero-versions/heroShared.js → 200 (138ms, 12554B)
[2026-07-21T14:13:19.599Z] GET http://localhost:5210/src/components/ui/Button.jsx → 200 (155ms, 13439B)
[2026-07-21T14:13:19.625Z] GET http://localhost:5210/src/hooks/useReveal.js → 200 (122ms, 10894B)
[2026-07-21T14:13:19.628Z] GET http://localhost:5210/src/assets/logo.png?import → 200 (120ms, 352B)
[2026-07-21T14:13:19.654Z] GET http://localhost:5210/src/hooks/useCountUp.js → 200 (94ms, 8297B)
[2026-07-21T14:13:19.654Z] GET http://localhost:5210/src/components/academy/AcademyHero.jsx → 200 (111ms, 30718B)
[2026-07-21T14:13:19.654Z] GET http://localhost:5210/src/components/academy/AcademyManifesto.jsx → 200 (105ms, 8566B)
[2026-07-21T14:13:19.654Z] GET http://localhost:5210/src/components/academy/AcademyAxes.jsx → 200 (115ms, 10759B)
[2026-07-21T14:13:19.654Z] GET http://localhost:5210/src/components/academy/AcademyPrograms.jsx → 200 (116ms, 31900B)
[2026-07-21T14:13:19.654Z] GET http://localhost:5210/src/components/academy/AcademyImpact.jsx → 200 (106ms, 10269B)
[2026-07-21T14:13:19.654Z] GET http://localhost:5210/src/components/academy/AcademyJourney.jsx → 200 (108ms, 19934B)
[2026-07-21T14:13:19.654Z] GET http://localhost:5210/src/components/academy/AcademyAdmissions.jsx → 200 (107ms, 13746B)
[2026-07-21T14:13:19.654Z] GET http://localhost:5210/src/components/academy/AcademyTestimonials.jsx → 200 (118ms, 18911B)
[2026-07-21T14:13:19.654Z] GET http://localhost:5210/src/components/academy/AcademyGallery.jsx → 200 (112ms, 24410B)
[2026-07-21T14:13:19.654Z] GET http://localhost:5210/src/components/academy/AcademyFAQ.jsx → 200 (111ms, 11977B)
[2026-07-21T14:13:19.654Z] GET http://localhost:5210/src/components/academy/AcademyCTA.jsx → 200 (114ms, 13944B)
[2026-07-21T14:13:19.654Z] GET http://localhost:5210/src/components/SoftDivider.jsx → 200 (112ms, 6501B)
[2026-07-21T14:13:19.657Z] GET http://localhost:5210/src/components/liabah/LiabahHero.jsx → 200 (119ms, 35546B)
[2026-07-21T14:13:19.657Z] GET http://localhost:5210/src/components/liabah/LiabahEssence.jsx → 200 (127ms, 50398B)
[2026-07-21T14:13:19.657Z] GET http://localhost:5210/src/components/liabah/LiabahPrograms.jsx → 200 (123ms, 38954B)
[2026-07-21T14:13:19.657Z] GET http://localhost:5210/src/components/liabah/LiabahCoaches.jsx → 200 (117ms, 44709B)
[2026-07-21T14:13:19.657Z] GET http://localhost:5210/src/components/liabah/LiabahMap.jsx → 200 (124ms, 79049B)
[2026-07-21T14:13:19.657Z] GET http://localhost:5210/src/components/liabah/LiabahGallery.jsx → 200 (122ms, 27903B)
[2026-07-21T14:13:19.657Z] GET http://localhost:5210/src/components/liabah/LiabahFAQ.jsx → 200 (125ms, 14271B)
[2026-07-21T14:13:19.657Z] GET http://localhost:5210/src/components/liabah/LiabahCTA.jsx → 200 (127ms, 16798B)
[2026-07-21T14:13:19.658Z] GET http://localhost:5210/src/components/amir/AmirHero.jsx → 200 (128ms, 26158B)
[2026-07-21T14:13:19.658Z] GET http://localhost:5210/src/components/amir/AmirIntro.jsx → 200 (128ms, 13453B)
[2026-07-21T14:13:19.658Z] GET http://localhost:5210/src/components/amir/AmirZones.jsx → 200 (141ms, 27162B)
[2026-07-21T14:13:19.658Z] GET http://localhost:5210/src/components/amir/AmirContentWorlds.jsx → 200 (132ms, 29024B)
[2026-07-21T14:13:19.658Z] GET http://localhost:5210/src/components/amir/AmirCTA.jsx → 200 (127ms, 9224B)
[2026-07-21T14:13:19.660Z] GET http://localhost:5210/src/components/alumni/AlumniHero.jsx → 200 (129ms, 26318B)
[2026-07-21T14:13:19.660Z] GET http://localhost:5210/src/components/alumni/AlumniStats.jsx → 200 (134ms, 14611B)
[2026-07-21T14:13:19.660Z] GET http://localhost:5210/src/components/alumni/AlumniIntro.jsx → 200 (133ms, 13474B)
[2026-07-21T14:13:19.660Z] GET http://localhost:5210/src/components/alumni/YoavProgram.jsx → 200 (128ms, 22651B)
[2026-07-21T14:13:19.660Z] GET http://localhost:5210/src/components/alumni/AlumniCTA.jsx → 200 (129ms, 12030B)
[2026-07-21T14:13:19.661Z] GET http://localhost:5210/src/components/collabs/CollabsStats.jsx → 200 (131ms, 13991B)
[2026-07-21T14:13:19.661Z] GET http://localhost:5210/src/components/collabs/CollabsIntro.jsx → 200 (143ms, 13557B)
[2026-07-21T14:13:19.661Z] GET http://localhost:5210/src/components/collabs/CollabsProcess.jsx → 200 (133ms, 12183B)
[2026-07-21T14:13:19.661Z] GET http://localhost:5210/src/components/collabs/CollabsContentWorlds.jsx → 200 (136ms, 26756B)
[2026-07-21T14:13:19.661Z] GET http://localhost:5210/src/components/collabs/CollabsFormats.jsx → 200 (137ms, 21828B)
[2026-07-21T14:13:19.661Z] GET http://localhost:5210/src/components/collabs/CollabsTeam.jsx → 200 (134ms, 18184B)
[2026-07-21T14:13:19.661Z] GET http://localhost:5210/src/components/collabs/CollabsPartners.jsx → 200 (134ms, 12167B)
[2026-07-21T14:13:19.661Z] GET http://localhost:5210/src/components/collabs/CollabsCTA.jsx → 200 (135ms, 16386B)
[2026-07-21T14:13:19.663Z] GET http://localhost:5210/src/components/team/TeamHero.jsx → 200 (140ms, 33128B)
[2026-07-21T14:13:19.663Z] GET http://localhost:5210/src/components/team/TeamRoster.jsx → 200 (133ms, 18953B)
[2026-07-21T14:13:19.663Z] GET http://localhost:5210/src/components/team/TeamIntro.jsx → 200 (134ms, 11267B)
[2026-07-21T14:13:19.663Z] GET http://localhost:5210/src/components/team/TeamCoach.jsx → 200 (144ms, 36125B)
[2026-07-21T14:13:19.663Z] GET http://localhost:5210/src/components/team/TeamInstructor.jsx → 200 (140ms, 12638B)
[2026-07-21T14:13:19.663Z] GET http://localhost:5210/src/components/team/TeamHq.jsx → 200 (137ms, 12529B)
[2026-07-21T14:13:19.663Z] GET http://localhost:5210/src/components/team/TeamCTA.jsx → 200 (137ms, 16637B)
[2026-07-21T14:13:19.732Z] GET http://localhost:5210/node_modules/.vite/deps/react-dom.js?v=2222e0de → 200 (?ms, -308B)
[2026-07-21T14:13:19.732Z] GET http://localhost:5210/src/hooks/useAccessibility.js → 200 (69ms, 14197B)
[2026-07-21T14:13:19.732Z] GET http://localhost:5210/src/components/Accessibility/AccessibilityStatement.jsx → 200 (73ms, 26669B)
[2026-07-21T14:13:19.733Z] GET http://localhost:5210/src/components/hero-concepts/ConceptEditorialSplit.jsx → 200 (83ms, 24513B)
[2026-07-21T14:13:19.734Z] GET http://localhost:5210/src/components/hero-concepts/ConceptOversizedType.jsx → 200 (73ms, 19732B)
[2026-07-21T14:13:19.734Z] GET http://localhost:5210/src/components/hero-concepts/ConceptBentoMosaic.jsx → 200 (82ms, 20523B)
[2026-07-21T14:13:19.734Z] GET http://localhost:5210/src/components/hero-concepts/ConceptSpotlightArena.jsx → 200 (76ms, 20754B)
[2026-07-21T14:13:19.734Z] GET http://localhost:5210/src/components/hero-concepts/ConceptFramedPlate.jsx → 200 (80ms, 21126B)
[2026-07-21T14:13:19.760Z] GET http://localhost:5210/src/data/academyData.js → 200 (49ms, 83377B)
[2026-07-21T14:13:19.774Z] GET http://localhost:5210/src/data/liabahData.js → 200 (38ms, 132394B)
[2026-07-21T14:13:19.774Z] GET http://localhost:5210/src/components/liabah/shared.jsx → 200 (43ms, 13142B)
[2026-07-21T14:13:19.782Z] GET http://localhost:5210/src/data/israelOutline.js → 200 (31ms, 11265B)
[2026-07-21T14:13:19.786Z] GET http://localhost:5210/src/data/amirData.js → 200 (27ms, 26221B)
[2026-07-21T14:13:19.788Z] GET http://localhost:5210/src/data/alumniData.js → 200 (26ms, 17353B)
[2026-07-21T14:13:19.797Z] GET http://localhost:5210/src/data/teamData.js → 200 (18ms, 50598B)
[2026-07-21T14:13:19.832Z] POST https://fqgshlgvwwvwxsytksdn.supabase.co/rest/v1/page_views → pending (?ms, ?B)
[2026-07-21T14:13:19.850Z] GET http://localhost:5210/src/assets/logo.png → 304 (1ms, ?B)
[2026-07-21T14:13:19.850Z] GET http://localhost:5210/Hero-Pics/214A0011.jpg → 304 (1ms, ?B)
[2026-07-21T14:13:19.851Z] GET http://localhost:5210/logo.png → 304 (1ms, ?B)
[2026-07-21T14:13:19.851Z] GET https://www.youtube.com/embed/jOdf0gJrZug?rel=0&modestbranding=1 → pending (?ms, ?B)
[2026-07-21T14:13:19.873Z] GET http://localhost:5210/fonts/rag-marom-2.1.otf → 304 (2ms, ?B)
[2026-07-21T14:13:19.873Z] GET http://localhost:5210/Hero-Pics/214A0027.jpg → 304 (26ms, ?B)
[2026-07-21T14:13:19.873Z] GET http://localhost:5210/Hero-Pics/214A0034.jpg → 304 (27ms, ?B)
[2026-07-21T14:13:19.875Z] GET http://localhost:5210/Hero-Pics/214A0088.jpg → 304 (25ms, ?B)
[2026-07-21T14:13:19.875Z] GET http://localhost:5210/Hero-Pics/214A0114.jpg → 304 (25ms, ?B)
[2026-07-21T14:13:19.875Z] GET http://localhost:5210/Hero-Pics/214A0511.jpg → 304 (25ms, ?B)
[2026-07-21T14:13:19.875Z] GET http://localhost:5210/Hero-Pics/_14A9355.jpg → 304 (25ms, ?B)
[2026-07-21T14:13:19.875Z] GET http://localhost:5210/our_product_pics/core_pic.jpg → 304 (26ms, ?B)
[2026-07-21T14:13:19.875Z] GET http://localhost:5210/our_product_pics/mehina_pic.png → 304 (25ms, ?B)
[2026-07-21T14:13:19.876Z] GET http://localhost:5210/hero_section/arena_intro.mp4 → 206 (25ms, 3180497B)
[2026-07-21T14:13:20.127Z] GET https://www.youtube.com/s/player/dfc3d2b2/www-player.css → 200 (?ms, -682B)
[2026-07-21T14:13:20.127Z] GET https://www.youtube.com/s/_/ytembeds/_/ss/k=ytembeds.base.voLKPuLo35M.L.W.O/am=AAAAgA/d=0/br=1/rs=AGKMywFbOiAirpOGLQLAetGjYdyOjZXjoA → 200 (11ms, 51825B)
[2026-07-21T14:13:20.128Z] GET https://fonts.gstatic.com/s/roboto/v48/KFO7CnqEu92Fr1ME7kSn66aGLdTylUAMa3yUBHMdazQ.woff2 → 200 (1ms, -815B)
[2026-07-21T14:13:20.129Z] GET https://www.youtube.com/s/_/ytembeds/_/js/k=ytembeds.base.en_US.ODfFrMosPCQ.es5.O/am=AAAAgA/d=1/br=1/rs=AGKMywFu4ZW9pRIW_XDhf8ZIbFxql1q7kw/m=root,base → 200 (52ms, 169383B)
[2026-07-21T14:13:20.129Z] GET https://www.youtube.com/s/player/dfc3d2b2/player_embed.vflset/en_US/base.js → 200 (?ms, -690B)
[2026-07-21T14:13:20.197Z] GET https://googleads.g.doubleclick.net/pagead/id → 302 (124ms, ?B)
[2026-07-21T14:13:20.197Z] GET https://static.doubleclick.net/instream/ad_status.js → 200 (?ms, -723B)
[2026-07-21T14:13:20.197Z] GET https://www.youtube.com/s/_/ytembeds/_/js/k=ytembeds.base.en_US.ODfFrMosPCQ.es5.O/am=AAAAgA/d=1/exm=base,root/ed=1/br=1/rs=AGKMywFu4ZW9pRIW_XDhf8ZIbFxql1q7kw/m=r78Drb → 200 (61ms, 227949B)
[2026-07-21T14:13:20.284Z] GET https://i.ytimg.com/vi/jOdf0gJrZug/sddefault.jpg?sqp=-oaymwEmCIAFEOAD8quKqQMa8AEB-AH-CYAC0AWKAgwIABABGGUgRyg_MA8=&rs=AOn4CLC4q-6GMysJyzvBKBL3FL7AWuswyA → 200 (109ms, 14057B)
[2026-07-21T14:13:20.287Z] GET https://yt3.ggpht.com/_tWmyW71SI5j7yNXi4qb6wW_3DOzOEI9vnJ94tfgA5MUizLAMw3aqFWvAySo6MYPIhTuoJqCNag=s68-c-k-c0x00ffffff-no-rj → 200 (116ms, 4079B)
[2026-07-21T14:13:20.321Z] GET https://googleads.g.doubleclick.net/pagead/id?slf_rd=1 → 200 (71ms, 146B)
[2026-07-21T14:13:20.705Z] GET https://www.google.com/js/th/QHG9eyWr6z296JSKuqF_KydMQkmEdQfg9a0ZAJv-7fk.js → 200 (108ms, 24318B)
[2026-07-21T14:13:20.845Z] GET https://www.youtube.com/generate_204?iiNZOg → 204 (9ms, 10B)
[2026-07-21T14:13:20.852Z] POST https://jnn-pa.googleapis.com/$rpc/google.internal.waa.v1.Waa/GenerateIT → pending (?ms, ?B)
[2026-07-21T14:13:23.087Z] POST https://www.youtube.com/youtubei/v1/log_event?alt=json → 200 (189ms, 50B)
[2026-07-21T14:13:34.038Z] GET http://localhost:5210/our_product_pics/yoav_pic.jpg → 304 (15ms, ?B)
[2026-07-21T14:13:34.081Z] GET http://localhost:5210/ → 200 (4ms, ?B)
[2026-07-21T14:13:34.081Z] POST https://www.youtube.com/youtubei/v1/log_event?alt=json → pending (?ms, ?B)
[2026-07-21T14:13:34.095Z] POST https://www.youtube.com/api/stats/atr?ns=yt&el=embedded&cpn=5S8DI_7xPAGuXdpZ&ver=2&cmt=0&fs=0&rt=13.876&euri=http%3A%2F%2Flocalhost%3A5210%2F&lact=13886&cl=948671898&mos=0&volume=100&cbrand=apple&cbr=HeadlessChrome&cbrver=145.0.7632.6&c=WEB_EMBEDDED_PLAYER&cver=2.20260720.01.00-canary_control_2.20260720.07.00&cplayer=UNIPLAYER&cos=Macintosh&cosver=10_15_7&cplatform=DESKTOP&epm=1&hl=en_US&cr=IL&len=118&fexp=v1%2C24004644%2C27058999%2C34656%2C124674%2C117689%2C9252%2C3479%2C13030%2C23206%2C35402%2C65300%2C2877%2C12228%2C25059%2C4174%2C30446%2C18706%2C21437%2C4571%2C5239%2C7777%2C1189%2C10232%2C4666%2C9404%2C23826%2C9500%2C1840%2C45715%2C7916%2C3014%2C2230%2C452%2C30489%2C5022%2C9969%2C10619%2C4200%2C459%2C25382%2C4272%2C9181%2C15416%2C82%2C17375%2C12585%2C7524%2C366%2C5667%2C1168%2C372%2C7758%2C16453%2C172%2C3000%2C5868%2C3475%2C5353%2C1900%2C7967%2C1595%2C928%2C2248%2C115%2C158%2C8116%2C3693%2C3013%2C3560%2C5014%2C1464%2C753%2C22970%2C2%2C3970%2C588%2C828%2C2198%2C446%2C5905%2C846%2C884%2C1311%2C214%2C452%2C620%2C285%2C652%2C2%2C1528%2C6363%2C1295%2C485%2C2179%2C525%2C3099%2C1832%2C11444%2C7315%2C317%2C1455%2C9904%2C427%2C783&muted=0&docid=jOdf0gJrZug → pending (?ms, ?B)
[2026-07-21T14:13:34.097Z] POST https://www.youtube.com/youtubei/v1/log_event?alt=json → pending (?ms, ?B)
[2026-07-21T14:13:34.097Z] GET http://localhost:5210/@vite/client → 200 (6ms, ?B)
[2026-07-21T14:13:34.097Z] GET https://fonts.googleapis.com/css2?family=Frank+Ruhl+Libre:wght@300;400;500;700;900&family=Heebo:wght@300;400;500;600;700;800;900&family=Inter:wght@400;500;600;700;800;900&family=JetBrains+Mono:wght@400;500&display=swap → 200 (1ms, -743B)
[2026-07-21T14:13:34.098Z] GET http://localhost:5210/src/main.jsx → 200 (5ms, ?B)
[2026-07-21T14:13:34.099Z] GET http://localhost:5210/@react-refresh → 200 (5ms, ?B)
[2026-07-21T14:13:34.099Z] GET https://fonts.gstatic.com/s/heebo/v28/NGS6v5_NC0k9P9H0TbFhsqMA6aw.woff2 → 200 (?ms, -815B)
[2026-07-21T14:13:34.100Z] GET https://fonts.gstatic.com/s/heebo/v28/NGS6v5_NC0k9P9GKTbFhsqMA6aw.woff2 → 200 (?ms, -815B)
[2026-07-21T14:13:34.100Z] GET https://fonts.gstatic.com/s/heebo/v28/NGS6v5_NC0k9P9GYTbFhsqMA6aw.woff2 → 200 (?ms, -815B)
[2026-07-21T14:13:34.100Z] GET https://fonts.gstatic.com/s/heebo/v28/NGS6v5_NC0k9P9H2TbFhsqMA.woff2 → 200 (?ms, -815B)
[2026-07-21T14:13:34.101Z] GET https://fonts.gstatic.com/s/inter/v20/UcC73FwrK3iLTeHuS_nVMrMxCp50SjIa1ZL7W0Q5nw.woff2 → 200 (?ms, -815B)
[2026-07-21T14:13:34.102Z] GET https://fonts.gstatic.com/s/jetbrainsmono/v24/tDbv2o-flEEny0FZhsfKu5WU4zr3E_BX0PnT8RD8yKwBNntkaToggR7BYRbKPxDcwgknk-4.woff2 → 200 (?ms, -815B)
[2026-07-21T14:13:34.104Z] GET http://localhost:5210/node_modules/vite/dist/client/env.mjs → 200 (9ms, ?B)
[2026-07-21T14:13:34.105Z] GET http://localhost:5210/node_modules/.vite/deps/react_jsx-dev-runtime.js?v=2222e0de → 200 (?ms, -310B)
[2026-07-21T14:13:34.105Z] GET http://localhost:5210/node_modules/.vite/deps/react.js?v=2222e0de → 200 (4ms, -307B)
[2026-07-21T14:13:34.109Z] GET http://localhost:5210/node_modules/.vite/deps/react-dom_client.js?v=2222e0de → 200 (?ms, -313B)
[2026-07-21T14:13:34.110Z] GET http://localhost:5210/src/index.css → 200 (5ms, ?B)
[2026-07-21T14:13:34.110Z] GET http://localhost:5210/src/App.jsx → 200 (6ms, ?B)
[2026-07-21T14:13:34.110Z] GET http://localhost:5210/src/HeroShowcase.jsx → 200 (5ms, ?B)
[2026-07-21T14:13:34.111Z] GET http://localhost:5210/src/DesignShowcase.jsx → 200 (8ms, ?B)
[2026-07-21T14:13:34.111Z] GET http://localhost:5210/src/CollabsHeroShowcase.jsx → 200 (9ms, ?B)
[2026-07-21T14:13:34.111Z] GET http://localhost:5210/src/lib/smoothScroll.js → 200 (12ms, ?B)
[2026-07-21T14:13:34.111Z] GET http://localhost:5210/src/lib/analytics.js → 200 (7ms, ?B)
[2026-07-21T14:13:34.111Z] GET http://localhost:5210/node_modules/.vite/deps/chunk-YI4H6FPL.js?v=2222e0de → 200 (?ms, -310B)
[2026-07-21T14:13:34.112Z] GET http://localhost:5210/node_modules/.vite/deps/chunk-DC5AMYBS.js?v=2222e0de → 200 (?ms, -308B)
[2026-07-21T14:13:34.113Z] GET http://localhost:5210/node_modules/.vite/deps/chunk-42BTM2VB.js?v=2222e0de → 200 (?ms, -310B)
[2026-07-21T14:13:34.116Z] GET http://localhost:5210/src/components/showcase/HeroV1Monument.jsx → 200 (4ms, ?B)
[2026-07-21T14:13:34.116Z] GET http://localhost:5210/src/components/showcase/HeroV2Arena.jsx → 200 (6ms, ?B)
[2026-07-21T14:13:34.116Z] GET http://localhost:5210/src/components/showcase/HeroV3Fingers.jsx → 200 (8ms, ?B)
[2026-07-21T14:13:34.116Z] GET http://localhost:5210/src/components/showcase/HeroV4Manifesto.jsx → 200 (8ms, ?B)
[2026-07-21T14:13:34.116Z] GET http://localhost:5210/src/components/Navbar.jsx → 200 (11ms, ?B)
[2026-07-21T14:13:34.117Z] GET http://localhost:5210/src/components/Hero.jsx → 200 (11ms, ?B)
[2026-07-21T14:13:34.117Z] GET http://localhost:5210/src/components/WhoWeAre.jsx → 200 (11ms, ?B)
[2026-07-21T14:13:34.117Z] GET http://localhost:5210/src/components/WhatWeBelieve.jsx → 200 (11ms, ?B)
[2026-07-21T14:13:34.117Z] GET http://localhost:5210/src/components/ManInArena.jsx → 200 (11ms, ?B)
[2026-07-21T14:13:34.117Z] GET http://localhost:5210/src/components/Programs.jsx → 200 (11ms, ?B)
[2026-07-21T14:13:34.117Z] GET http://localhost:5210/src/components/FiveContent.jsx → 200 (12ms, ?B)
[2026-07-21T14:13:34.117Z] GET http://localhost:5210/src/components/Footer.jsx → 200 (12ms, ?B)
[2026-07-21T14:13:34.118Z] GET http://localhost:5210/src/components/ContactModal.jsx → 200 (12ms, ?B)
[2026-07-21T14:13:34.118Z] GET http://localhost:5210/src/components/Accessibility/AccessibilityWidget.jsx → 200 (11ms, ?B)
[2026-07-21T14:13:34.118Z] GET http://localhost:5210/src/pages/LiabahPage.jsx → 200 (11ms, ?B)
[2026-07-21T14:13:34.118Z] GET http://localhost:5210/src/pages/AcademyPage.jsx → 200 (12ms, ?B)
[2026-07-21T14:13:34.118Z] GET http://localhost:5210/src/pages/CollaborationsPage.jsx → 200 (11ms, ?B)
[2026-07-21T14:13:34.118Z] GET http://localhost:5210/src/pages/AmirPage.jsx → 200 (12ms, ?B)
[2026-07-21T14:13:34.118Z] GET http://localhost:5210/src/pages/AlumniPage.jsx → 200 (12ms, ?B)
[2026-07-21T14:13:34.118Z] GET http://localhost:5210/src/pages/TeamPage.jsx → 200 (12ms, ?B)
[2026-07-21T14:13:34.118Z] GET http://localhost:5210/src/HeroConcepts.jsx → 200 (13ms, ?B)
[2026-07-21T14:13:34.118Z] GET http://localhost:5210/src/data/contact.js → 200 (13ms, ?B)
[2026-07-21T14:13:34.119Z] GET http://localhost:5210/src/variants/VariantA.jsx → 200 (12ms, ?B)
[2026-07-21T14:13:34.119Z] GET http://localhost:5210/src/variants/VariantB.jsx → 200 (13ms, ?B)
[2026-07-21T14:13:34.120Z] GET http://localhost:5210/src/variants/VariantC.jsx → 200 (12ms, ?B)
[2026-07-21T14:13:34.120Z] GET http://localhost:5210/src/variants/VariantD.jsx → 200 (12ms, ?B)
[2026-07-21T14:13:34.120Z] GET http://localhost:5210/src/components/collabs/hero-versions/HeroCorporateSplit.jsx → 200 (12ms, ?B)
[2026-07-21T14:13:34.120Z] GET http://localhost:5210/src/components/collabs/hero-versions/HeroDataBoardroom.jsx → 200 (12ms, ?B)
[2026-07-21T14:13:34.120Z] GET http://localhost:5210/src/components/collabs/hero-versions/HeroEditorialLedger.jsx → 200 (12ms, ?B)
[2026-07-21T14:13:34.120Z] GET http://localhost:5210/src/components/collabs/hero-versions/HeroCapabilityBento.jsx → 200 (12ms, ?B)
[2026-07-21T14:13:34.121Z] GET http://localhost:5210/node_modules/.vite/deps/gsap.js?v=2222e0de → 200 (?ms, -312B)
[2026-07-21T14:13:34.123Z] GET http://localhost:5210/node_modules/.vite/deps/@studio-freight_lenis.js?v=2222e0de → 200 (?ms, -310B)
[2026-07-21T14:13:34.124Z] GET http://localhost:5210/node_modules/.vite/deps/gsap_ScrollTrigger.js?v=2222e0de → 200 (?ms, -312B)
[2026-07-21T14:13:34.127Z] GET http://localhost:5210/node_modules/.vite/deps/lucide-react.js?v=2222e0de → 200 (?ms, -312B)
[2026-07-21T14:13:34.128Z] GET http://localhost:5210/src/assets/logo.png?import → 200 (4ms, ?B)
[2026-07-21T14:13:34.128Z] GET http://localhost:5210/src/components/ui/Button.jsx → 200 (5ms, ?B)
[2026-07-21T14:13:34.128Z] GET http://localhost:5210/src/hooks/useReveal.js → 200 (5ms, ?B)
[2026-07-21T14:13:34.128Z] GET http://localhost:5210/src/hooks/useCountUp.js → 200 (5ms, ?B)
[2026-07-21T14:13:34.129Z] GET http://localhost:5210/node_modules/.vite/deps/react-dom.js?v=2222e0de → 200 (?ms, -308B)
[2026-07-21T14:13:34.129Z] GET http://localhost:5210/src/hooks/useAccessibility.js → 200 (4ms, ?B)
[2026-07-21T14:13:34.129Z] GET http://localhost:5210/src/components/Accessibility/AccessibilityStatement.jsx → 200 (4ms, ?B)
[2026-07-21T14:13:34.129Z] GET http://localhost:5210/src/components/SoftDivider.jsx → 200 (4ms, ?B)
[2026-07-21T14:13:34.129Z] GET http://localhost:5210/src/components/liabah/LiabahHero.jsx → 200 (4ms, ?B)
[2026-07-21T14:13:34.129Z] GET http://localhost:5210/src/components/liabah/LiabahEssence.jsx → 200 (4ms, ?B)
[2026-07-21T14:13:34.129Z] GET http://localhost:5210/src/components/liabah/LiabahPrograms.jsx → 200 (4ms, ?B)
[2026-07-21T14:13:34.129Z] GET http://localhost:5210/src/components/liabah/LiabahCoaches.jsx → 200 (5ms, ?B)
[2026-07-21T14:13:34.129Z] GET http://localhost:5210/src/components/liabah/LiabahMap.jsx → 200 (4ms, ?B)
[2026-07-21T14:13:34.129Z] GET http://localhost:5210/src/components/liabah/LiabahGallery.jsx → 200 (4ms, ?B)
[2026-07-21T14:13:34.129Z] GET http://localhost:5210/src/components/liabah/LiabahFAQ.jsx → 200 (4ms, ?B)
[2026-07-21T14:13:34.129Z] GET http://localhost:5210/src/components/liabah/LiabahCTA.jsx → 200 (5ms, ?B)
[2026-07-21T14:13:34.130Z] GET http://localhost:5210/src/components/collabs/CollabsStats.jsx → 200 (4ms, ?B)
[2026-07-21T14:13:34.130Z] GET http://localhost:5210/src/components/collabs/CollabsIntro.jsx → 200 (4ms, ?B)
[2026-07-21T14:13:34.130Z] GET http://localhost:5210/src/components/collabs/CollabsProcess.jsx → 200 (4ms, ?B)
[2026-07-21T14:13:34.130Z] GET http://localhost:5210/src/components/collabs/CollabsContentWorlds.jsx → 200 (4ms, ?B)
[2026-07-21T14:13:34.130Z] GET http://localhost:5210/src/components/collabs/CollabsFormats.jsx → 200 (4ms, ?B)
[2026-07-21T14:13:34.130Z] GET http://localhost:5210/src/components/collabs/CollabsTeam.jsx → 200 (4ms, ?B)
[2026-07-21T14:13:34.130Z] GET http://localhost:5210/src/components/collabs/CollabsPartners.jsx → 200 (4ms, ?B)
[2026-07-21T14:13:34.130Z] GET http://localhost:5210/src/components/collabs/CollabsCTA.jsx → 200 (4ms, ?B)
[2026-07-21T14:13:34.130Z] GET http://localhost:5210/src/components/amir/AmirHero.jsx → 200 (4ms, ?B)
[2026-07-21T14:13:34.130Z] GET http://localhost:5210/src/components/amir/AmirIntro.jsx → 200 (5ms, ?B)
[2026-07-21T14:13:34.130Z] GET http://localhost:5210/src/components/amir/AmirZones.jsx → 200 (5ms, ?B)
[2026-07-21T14:13:34.130Z] GET http://localhost:5210/src/components/amir/AmirContentWorlds.jsx → 200 (5ms, ?B)
[2026-07-21T14:13:34.130Z] GET http://localhost:5210/src/components/amir/AmirCTA.jsx → 200 (5ms, ?B)
[2026-07-21T14:13:34.130Z] GET http://localhost:5210/src/components/alumni/AlumniHero.jsx → 200 (5ms, ?B)
[2026-07-21T14:13:34.130Z] GET http://localhost:5210/src/components/alumni/AlumniStats.jsx → 200 (5ms, ?B)
[2026-07-21T14:13:34.130Z] GET http://localhost:5210/src/components/alumni/AlumniIntro.jsx → 200 (5ms, ?B)
[2026-07-21T14:13:34.130Z] GET http://localhost:5210/src/components/alumni/YoavProgram.jsx → 200 (5ms, ?B)
[2026-07-21T14:13:34.130Z] GET http://localhost:5210/src/components/alumni/AlumniCTA.jsx → 200 (5ms, ?B)
[2026-07-21T14:13:34.130Z] GET http://localhost:5210/src/components/academy/AcademyHero.jsx → 200 (5ms, ?B)
[2026-07-21T14:13:34.130Z] GET http://localhost:5210/src/components/academy/AcademyManifesto.jsx → 200 (5ms, ?B)
[2026-07-21T14:13:34.130Z] GET http://localhost:5210/src/components/academy/AcademyAxes.jsx → 200 (5ms, ?B)
[2026-07-21T14:13:34.130Z] GET http://localhost:5210/src/components/academy/AcademyPrograms.jsx → 200 (6ms, ?B)
[2026-07-21T14:13:34.130Z] GET http://localhost:5210/src/components/academy/AcademyImpact.jsx → 200 (6ms, ?B)
[2026-07-21T14:13:34.130Z] GET http://localhost:5210/src/components/academy/AcademyJourney.jsx → 200 (6ms, ?B)
[2026-07-21T14:13:34.130Z] GET http://localhost:5210/src/components/academy/AcademyAdmissions.jsx → 200 (6ms, ?B)
[2026-07-21T14:13:34.130Z] GET http://localhost:5210/src/components/academy/AcademyTestimonials.jsx → 200 (6ms, ?B)
[2026-07-21T14:13:34.130Z] GET http://localhost:5210/src/components/academy/AcademyGallery.jsx → 200 (6ms, ?B)
[2026-07-21T14:13:34.130Z] GET http://localhost:5210/src/components/academy/AcademyFAQ.jsx → 200 (6ms, ?B)
[2026-07-21T14:13:34.130Z] GET http://localhost:5210/src/components/academy/AcademyCTA.jsx → 200 (6ms, ?B)
[2026-07-21T14:13:34.130Z] GET http://localhost:5210/src/components/team/TeamHero.jsx → 200 (6ms, ?B)
[2026-07-21T14:13:34.131Z] GET http://localhost:5210/src/components/team/TeamRoster.jsx → 200 (5ms, ?B)
[2026-07-21T14:13:34.131Z] GET http://localhost:5210/src/components/team/TeamIntro.jsx → 200 (7ms, ?B)
[2026-07-21T14:13:34.131Z] GET http://localhost:5210/src/components/team/TeamCoach.jsx → 200 (6ms, ?B)
[2026-07-21T14:13:34.131Z] GET http://localhost:5210/src/components/team/TeamInstructor.jsx → 200 (6ms, ?B)
[2026-07-21T14:13:34.131Z] GET http://localhost:5210/src/components/team/TeamHq.jsx → 200 (7ms, ?B)
[2026-07-21T14:13:34.131Z] GET http://localhost:5210/src/components/team/TeamCTA.jsx → 200 (7ms, ?B)
[2026-07-21T14:13:34.131Z] GET http://localhost:5210/src/components/hero-concepts/ConceptEditorialSplit.jsx → 200 (7ms, ?B)
[2026-07-21T14:13:34.131Z] GET http://localhost:5210/src/components/hero-concepts/ConceptOversizedType.jsx → 200 (7ms, ?B)
[2026-07-21T14:13:34.131Z] GET http://localhost:5210/src/components/hero-concepts/ConceptBentoMosaic.jsx → 200 (9ms, ?B)
[2026-07-21T14:13:34.131Z] GET http://localhost:5210/src/components/hero-concepts/ConceptSpotlightArena.jsx → 200 (9ms, ?B)
[2026-07-21T14:13:34.131Z] GET http://localhost:5210/src/components/hero-concepts/ConceptFramedPlate.jsx → 200 (8ms, ?B)
[2026-07-21T14:13:34.132Z] GET http://localhost:5210/src/hooks/usePrefersReducedMotion.js → 200 (7ms, ?B)
[2026-07-21T14:13:34.132Z] GET http://localhost:5210/src/components/academy/shared.jsx → 200 (7ms, ?B)
[2026-07-21T14:13:34.132Z] GET http://localhost:5210/src/components/collabs/hero-versions/heroShared.js → 200 (9ms, ?B)
[2026-07-21T14:13:34.133Z] GET http://localhost:5210/src/data/liabahData.js → 200 (7ms, ?B)
[2026-07-21T14:13:34.133Z] GET http://localhost:5210/src/components/liabah/shared.jsx → 200 (7ms, ?B)
[2026-07-21T14:13:34.133Z] GET http://localhost:5210/src/data/israelOutline.js → 200 (7ms, ?B)
[2026-07-21T14:13:34.134Z] GET http://localhost:5210/src/data/amirData.js → 200 (6ms, ?B)
[2026-07-21T14:13:34.135Z] GET http://localhost:5210/src/data/alumniData.js → 200 (6ms, ?B)
[2026-07-21T14:13:34.135Z] GET http://localhost:5210/src/data/academyData.js → 200 (6ms, ?B)
[2026-07-21T14:13:34.136Z] GET http://localhost:5210/src/data/teamData.js → 200 (5ms, ?B)
[2026-07-21T14:13:34.141Z] POST https://fqgshlgvwwvwxsytksdn.supabase.co/rest/v1/page_views → 201 (86ms, ?B)
[2026-07-21T14:13:34.155Z] GET http://localhost:5210/src/assets/logo.png → 304 (?ms, ?B)
[2026-07-21T14:13:34.155Z] GET http://localhost:5210/Hero-Pics/214A0011.jpg → 304 (1ms, ?B)
[2026-07-21T14:13:34.155Z] GET http://localhost:5210/logo.png → 304 (1ms, ?B)
[2026-07-21T14:13:34.155Z] GET https://www.youtube.com/embed/jOdf0gJrZug?rel=0&modestbranding=1 → 200 (373ms, 56384B)
[2026-07-21T14:13:34.176Z] GET http://localhost:5210/fonts/rag-marom-2.1.otf → 304 (?ms, ?B)
[2026-07-21T14:13:34.176Z] GET http://localhost:5210/Hero-Pics/214A0027.jpg → 304 (?ms, ?B)
[2026-07-21T14:13:34.176Z] GET http://localhost:5210/Hero-Pics/214A0034.jpg → 304 (1ms, ?B)
[2026-07-21T14:13:34.176Z] GET http://localhost:5210/Hero-Pics/214A0088.jpg → 304 (16ms, ?B)
[2026-07-21T14:13:34.176Z] GET http://localhost:5210/Hero-Pics/214A0114.jpg → 304 (16ms, ?B)
[2026-07-21T14:13:34.176Z] GET http://localhost:5210/Hero-Pics/214A0511.jpg → 304 (16ms, ?B)
[2026-07-21T14:13:34.176Z] GET http://localhost:5210/Hero-Pics/_14A9355.jpg → 304 (16ms, ?B)
[2026-07-21T14:13:34.176Z] GET http://localhost:5210/our_product_pics/core_pic.jpg → 304 (16ms, ?B)
[2026-07-21T14:13:34.333Z] GET http://localhost:5210/our_product_pics/mehina_pic.png → 304 (1ms, ?B)
[2026-07-21T14:13:34.333Z] GET http://localhost:5210/our_product_pics/yoav_pic.jpg → 304 (2ms, ?B)
[2026-07-21T14:13:34.531Z] GET https://www.youtube.com/s/player/dfc3d2b2/www-player.css → 200 (?ms, -682B)
[2026-07-21T14:13:34.531Z] GET https://www.youtube.com/s/_/ytembeds/_/ss/k=ytembeds.base.voLKPuLo35M.L.W.O/am=AAAAgA/d=0/br=1/rs=AGKMywFbOiAirpOGLQLAetGjYdyOjZXjoA → 200 (?ms, -907B)
[2026-07-21T14:13:34.534Z] GET https://fonts.gstatic.com/s/roboto/v48/KFO7CnqEu92Fr1ME7kSn66aGLdTylUAMa3yUBHMdazQ.woff2 → 200 (?ms, -815B)
[2026-07-21T14:13:34.550Z] GET https://www.youtube.com/s/_/ytembeds/_/js/k=ytembeds.base.en_US.ODfFrMosPCQ.es5.O/am=AAAAgA/d=1/br=1/rs=AGKMywFu4ZW9pRIW_XDhf8ZIbFxql1q7kw/m=root,base → 200 (?ms, -915B)
[2026-07-21T14:13:34.562Z] GET https://www.youtube.com/s/player/dfc3d2b2/player_embed.vflset/en_US/base.js → 200 (?ms, -690B)
[2026-07-21T14:13:34.562Z] GET https://googleads.g.doubleclick.net/pagead/id → 302 (67ms, ?B)
[2026-07-21T14:13:34.562Z] GET https://static.doubleclick.net/instream/ad_status.js → 200 (?ms, -723B)
[2026-07-21T14:13:34.562Z] GET https://www.youtube.com/s/_/ytembeds/_/js/k=ytembeds.base.en_US.ODfFrMosPCQ.es5.O/am=AAAAgA/d=1/exm=base,root/ed=1/br=1/rs=AGKMywFu4ZW9pRIW_XDhf8ZIbFxql1q7kw/m=r78Drb → 200 (?ms, -915B)
[2026-07-21T14:13:34.627Z] GET https://i.ytimg.com/vi/jOdf0gJrZug/maxresdefault.jpg?sqp=-oaymwEmCIAKENAF8quKqQMa8AEB-AH-CYAC0AWKAgwIABABGGUgRyg_MA8=&rs=AOn4CLCX5X3fHDrVH7_vKvVE1xdRrSYc_Q → 200 (14ms, 28073B)
[2026-07-21T14:13:34.629Z] GET https://googleads.g.doubleclick.net/pagead/id?slf_rd=1 → 200 (68ms, 146B)
[2026-07-21T14:13:35.070Z] GET https://www.google.com/js/th/3vS4MzNmk5bpUZkAbQkUNnMBJb7mHJQeUuR4lw-z7K0.js → 200 (?ms, -813B)
[2026-07-21T14:13:35.112Z] GET https://www.youtube.com/generate_204?xa-cuA → 204 (9ms, 10B)
[2026-07-21T14:13:35.118Z] POST https://jnn-pa.googleapis.com/$rpc/google.internal.waa.v1.Waa/GenerateIT → 200 (146ms, 145B)
[2026-07-21T14:13:37.272Z] POST https://www.youtube.com/youtubei/v1/log_event?alt=json → 200 (97ms, 50B)
[2026-07-21T14:14:34.548Z] POST https://www.youtube.com/youtubei/v1/log_event?alt=json → 200 (226ms, 272B)
[2026-07-21T14:15:34.701Z] GET https://googleads.g.doubleclick.net/pagead/id → 302 (165ms, ?B)
[2026-07-21T14:15:34.867Z] GET https://googleads.g.doubleclick.net/pagead/id?slf_rd=1 → 200 (76ms, 242B)
[2026-07-21T14:32:04.204Z] GET http://localhost:5210/ → 200 (16ms, 2405B)
[2026-07-21T14:32:04.205Z] POST https://www.youtube.com/youtubei/v1/log_event?alt=json → pending (?ms, ?B)
[2026-07-21T14:32:04.239Z] POST https://www.youtube.com/api/stats/atr?ns=yt&el=embedded&cpn=cr5g7ORMDJg8KMF6&ver=2&cmt=0&fs=0&rt=1109.623&euri=http%3A%2F%2Flocalhost%3A5210%2F&lact=1109656&cl=948671898&mos=0&volume=100&cbrand=apple&cbr=HeadlessChrome&cbrver=145.0.7632.6&c=WEB_EMBEDDED_PLAYER&cver=2.20260720.01.00-canary_control_2.20260720.07.00&cplayer=UNIPLAYER&cos=Macintosh&cosver=10_15_7&cplatform=DESKTOP&epm=1&hl=en_US&cr=IL&len=118&fexp=v1%2C24004644%2C27058999%2C34656%2C124674%2C117689%2C9252%2C3479%2C13030%2C23206%2C35402%2C65300%2C2877%2C12228%2C25059%2C4174%2C30446%2C18706%2C21437%2C4571%2C5239%2C7777%2C1189%2C10232%2C4666%2C9404%2C23826%2C9500%2C1840%2C45715%2C7916%2C3014%2C2230%2C452%2C30489%2C5022%2C9969%2C10619%2C4200%2C459%2C25382%2C4272%2C9181%2C15416%2C82%2C17375%2C12585%2C7524%2C366%2C5667%2C1168%2C372%2C7758%2C16453%2C172%2C3000%2C5868%2C3475%2C5353%2C1900%2C7967%2C1595%2C928%2C2248%2C115%2C158%2C8116%2C3693%2C3013%2C3560%2C5014%2C1464%2C753%2C22970%2C2%2C3970%2C588%2C828%2C2198%2C446%2C5905%2C846%2C884%2C1311%2C214%2C452%2C620%2C285%2C652%2C2%2C1528%2C6363%2C1295%2C485%2C2179%2C525%2C3099%2C1832%2C11444%2C7315%2C317%2C1455%2C9904%2C427%2C783&muted=0&docid=jOdf0gJrZug → pending (?ms, ?B)
[2026-07-21T14:32:04.241Z] POST https://www.youtube.com/youtubei/v1/log_event?alt=json → pending (?ms, ?B)
[2026-07-21T14:32:04.241Z] GET http://localhost:5210/@vite/client → 200 (119ms, 182535B)
[2026-07-21T14:32:04.241Z] GET https://fonts.googleapis.com/css2?family=Frank+Ruhl+Libre:wght@300;400;500;700;900&family=Heebo:wght@300;400;500;600;700;800;900&family=Inter:wght@400;500;600;700;800;900&family=JetBrains+Mono:wght@400;500&display=swap → 200 (?ms, -743B)
[2026-07-21T14:32:04.242Z] GET http://localhost:5210/src/main.jsx → 200 (112ms, 4325B)
[2026-07-21T14:32:04.242Z] GET http://localhost:5210/@react-refresh → 200 (107ms, 113132B)
[2026-07-21T14:32:04.248Z] GET https://fonts.gstatic.com/s/heebo/v28/NGS6v5_NC0k9P9H0TbFhsqMA6aw.woff2 → 200 (?ms, -815B)
[2026-07-21T14:32:04.249Z] GET https://fonts.gstatic.com/s/heebo/v28/NGS6v5_NC0k9P9GKTbFhsqMA6aw.woff2 → 200 (?ms, -815B)
[2026-07-21T14:32:04.249Z] GET https://fonts.gstatic.com/s/heebo/v28/NGS6v5_NC0k9P9GYTbFhsqMA6aw.woff2 → 200 (?ms, -815B)
[2026-07-21T14:32:04.249Z] GET https://fonts.gstatic.com/s/heebo/v28/NGS6v5_NC0k9P9H2TbFhsqMA.woff2 → 200 (?ms, -815B)
[2026-07-21T14:32:04.249Z] GET https://fonts.gstatic.com/s/inter/v20/UcC73FwrK3iLTeHuS_nVMrMxCp50SjIa1ZL7W0Q5nw.woff2 → 200 (?ms, -815B)
[2026-07-21T14:32:04.249Z] GET https://fonts.gstatic.com/s/jetbrainsmono/v24/tDbv2o-flEEny0FZhsfKu5WU4zr3E_BX0PnT8RD8yKwBNntkaToggR7BYRbKPxDcwgknk-4.woff2 → 200 (?ms, -815B)
[2026-07-21T14:32:04.355Z] GET http://localhost:5210/node_modules/.vite/deps/react_jsx-dev-runtime.js?v=2222e0de → 200 (7ms, 12506B)
[2026-07-21T14:32:04.355Z] GET http://localhost:5210/node_modules/.vite/deps/react.js?v=2222e0de → 200 (8ms, 1024B)
[2026-07-21T14:32:04.355Z] GET http://localhost:5210/node_modules/.vite/deps/react-dom_client.js?v=2222e0de → 200 (65ms, 1005607B)
[2026-07-21T14:32:04.355Z] GET http://localhost:5210/src/index.css → 200 (510ms, 94406B)
[2026-07-21T14:32:04.355Z] GET http://localhost:5210/src/App.jsx → 200 (127ms, 29392B)
[2026-07-21T14:32:04.355Z] GET http://localhost:5210/src/HeroShowcase.jsx → 200 (65ms, 11822B)
[2026-07-21T14:32:04.355Z] GET http://localhost:5210/src/DesignShowcase.jsx → 200 (216ms, 16291B)
[2026-07-21T14:32:04.355Z] GET http://localhost:5210/src/CollabsHeroShowcase.jsx → 200 (60ms, 23003B)
[2026-07-21T14:32:04.355Z] GET http://localhost:5210/src/lib/smoothScroll.js → 200 (68ms, 12475B)
[2026-07-21T14:32:04.355Z] GET http://localhost:5210/src/lib/analytics.js → 200 (74ms, 9794B)
[2026-07-21T14:32:04.360Z] GET http://localhost:5210/node_modules/vite/dist/client/env.mjs → 200 (69ms, 3861B)
[2026-07-21T14:32:04.362Z] GET http://localhost:5210/node_modules/.vite/deps/chunk-YI4H6FPL.js?v=2222e0de → 200 (70ms, 45663B)
[2026-07-21T14:32:04.363Z] GET http://localhost:5210/node_modules/.vite/deps/chunk-DC5AMYBS.js?v=2222e0de → 200 (69ms, 9510B)
[2026-07-21T14:32:04.415Z] GET http://localhost:5210/src/components/collabs/hero-versions/HeroCorporateSplit.jsx → 200 (454ms, 29900B)
[2026-07-21T14:32:04.415Z] GET http://localhost:5210/src/components/collabs/hero-versions/HeroDataBoardroom.jsx → 200 (163ms, 31799B)
[2026-07-21T14:32:04.415Z] GET http://localhost:5210/src/components/collabs/hero-versions/HeroEditorialLedger.jsx → 200 (450ms, 33476B)
[2026-07-21T14:32:04.415Z] GET http://localhost:5210/src/components/collabs/hero-versions/HeroCapabilityBento.jsx → 200 (465ms, 36862B)
[2026-07-21T14:32:04.420Z] GET http://localhost:5210/node_modules/.vite/deps/chunk-42BTM2VB.js?v=2222e0de → 200 (153ms, 16533B)
[2026-07-21T14:32:04.421Z] GET http://localhost:5210/src/components/showcase/HeroV1Monument.jsx → 200 (473ms, 38281B)
[2026-07-21T14:32:04.421Z] GET http://localhost:5210/src/components/showcase/HeroV2Arena.jsx → 200 (465ms, 39771B)
[2026-07-21T14:32:04.421Z] GET http://localhost:5210/src/components/showcase/HeroV3Fingers.jsx → 200 (464ms, 35734B)
[2026-07-21T14:32:04.421Z] GET http://localhost:5210/src/components/showcase/HeroV4Manifesto.jsx → 200 (467ms, 62610B)
[2026-07-21T14:32:04.423Z] GET http://localhost:5210/node_modules/.vite/deps/@studio-freight_lenis.js?v=2222e0de → 200 (456ms, 15334B)
[2026-07-21T14:32:04.423Z] GET http://localhost:5210/node_modules/.vite/deps/gsap.js?v=2222e0de → 200 (459ms, 169805B)
[2026-07-21T14:32:04.423Z] GET http://localhost:5210/node_modules/.vite/deps/gsap_ScrollTrigger.js?v=2222e0de → 200 (459ms, 106350B)
[2026-07-21T14:32:04.483Z] GET http://localhost:5210/src/components/Navbar.jsx → 200 (414ms, 27683B)
[2026-07-21T14:32:04.483Z] GET http://localhost:5210/src/components/Hero.jsx → 200 (413ms, 34841B)
[2026-07-21T14:32:04.483Z] GET http://localhost:5210/src/components/WhoWeAre.jsx → 200 (408ms, 17294B)
[2026-07-21T14:32:04.483Z] GET http://localhost:5210/src/components/WhatWeBelieve.jsx → 200 (406ms, 19406B)
[2026-07-21T14:32:04.483Z] GET http://localhost:5210/src/components/ManInArena.jsx → 200 (416ms, 26526B)
[2026-07-21T14:32:04.483Z] GET http://localhost:5210/src/components/Programs.jsx → 200 (418ms, 46476B)
[2026-07-21T14:32:04.483Z] GET http://localhost:5210/src/components/FiveContent.jsx → 200 (454ms, 46199B)
[2026-07-21T14:32:04.483Z] GET http://localhost:5210/src/components/Footer.jsx → 200 (417ms, 17731B)
[2026-07-21T14:32:04.483Z] GET http://localhost:5210/src/components/ContactModal.jsx → 200 (556ms, 140796B)
[2026-07-21T14:32:04.483Z] GET http://localhost:5210/src/components/Accessibility/AccessibilityWidget.jsx → 200 (455ms, 59359B)
[2026-07-21T14:32:04.483Z] GET http://localhost:5210/src/pages/LiabahPage.jsx → 200 (476ms, 9990B)
[2026-07-21T14:32:04.483Z] GET http://localhost:5210/src/pages/AcademyPage.jsx → 200 (420ms, 13542B)
[2026-07-21T14:32:04.483Z] GET http://localhost:5210/src/pages/CollaborationsPage.jsx → 200 (422ms, 12155B)
[2026-07-21T14:32:04.483Z] GET http://localhost:5210/src/pages/AmirPage.jsx → 200 (463ms, 8470B)
[2026-07-21T14:32:04.483Z] GET http://localhost:5210/src/pages/AlumniPage.jsx → 200 (456ms, 7905B)
[2026-07-21T14:32:04.483Z] GET http://localhost:5210/src/pages/TeamPage.jsx → 200 (487ms, 9176B)
[2026-07-21T14:32:04.483Z] GET http://localhost:5210/src/HeroConcepts.jsx → 200 (460ms, 22615B)
[2026-07-21T14:32:04.483Z] GET http://localhost:5210/src/data/contact.js → 200 (458ms, 3188B)
[2026-07-21T14:32:04.572Z] GET http://localhost:5210/src/variants/VariantA.jsx → 200 (445ms, 50254B)
[2026-07-21T14:32:04.572Z] GET http://localhost:5210/src/variants/VariantB.jsx → 200 (449ms, 50511B)
[2026-07-21T14:32:04.572Z] GET http://localhost:5210/src/variants/VariantC.jsx → 200 (462ms, 59723B)
[2026-07-21T14:32:04.572Z] GET http://localhost:5210/src/variants/VariantD.jsx → 200 (460ms, 59850B)
[2026-07-21T14:32:04.578Z] GET http://localhost:5210/node_modules/.vite/deps/lucide-react.js?v=2222e0de → 200 (446ms, 823434B)
[2026-07-21T14:32:04.578Z] GET http://localhost:5210/src/hooks/usePrefersReducedMotion.js → 200 (439ms, 4480B)
[2026-07-21T14:32:04.578Z] GET http://localhost:5210/src/components/ui/Button.jsx → 200 (448ms, 13439B)
[2026-07-21T14:32:04.578Z] GET http://localhost:5210/src/components/collabs/hero-versions/heroShared.js → 200 (441ms, 12554B)
[2026-07-21T14:32:04.865Z] GET http://localhost:5210/src/components/academy/shared.jsx → 200 (166ms, 21554B)
[2026-07-21T14:32:04.889Z] GET http://localhost:5210/src/hooks/useReveal.js → 200 (139ms, 10894B)
[2026-07-21T14:32:04.891Z] GET http://localhost:5210/src/hooks/useCountUp.js → 200 (138ms, 8297B)
[2026-07-21T14:32:04.897Z] GET http://localhost:5210/src/assets/logo.png?import → 200 (132ms, 352B)
[2026-07-21T14:32:04.903Z] GET http://localhost:5210/src/components/academy/AcademyHero.jsx → 200 (138ms, 30718B)
[2026-07-21T14:32:04.903Z] GET http://localhost:5210/src/components/academy/AcademyManifesto.jsx → 200 (137ms, 8566B)
[2026-07-21T14:32:04.903Z] GET http://localhost:5210/src/components/academy/AcademyAxes.jsx → 200 (136ms, 10759B)
[2026-07-21T14:32:04.903Z] GET http://localhost:5210/src/components/academy/AcademyPrograms.jsx → 200 (144ms, 31900B)
[2026-07-21T14:32:04.903Z] GET http://localhost:5210/src/components/academy/AcademyImpact.jsx → 200 (139ms, 10269B)
[2026-07-21T14:32:04.903Z] GET http://localhost:5210/src/components/academy/AcademyJourney.jsx → 200 (149ms, 19934B)
[2026-07-21T14:32:04.903Z] GET http://localhost:5210/src/components/academy/AcademyAdmissions.jsx → 200 (142ms, 13746B)
[2026-07-21T14:32:04.903Z] GET http://localhost:5210/src/components/academy/AcademyTestimonials.jsx → 200 (143ms, 18911B)
[2026-07-21T14:32:04.903Z] GET http://localhost:5210/src/components/academy/AcademyGallery.jsx → 200 (145ms, 24410B)
[2026-07-21T14:32:04.903Z] GET http://localhost:5210/src/components/academy/AcademyFAQ.jsx → 200 (146ms, 11977B)
[2026-07-21T14:32:04.904Z] GET http://localhost:5210/src/components/academy/AcademyCTA.jsx → 200 (146ms, 13944B)
[2026-07-21T14:32:04.904Z] GET http://localhost:5210/src/components/SoftDivider.jsx → 200 (144ms, 6501B)
[2026-07-21T14:32:04.905Z] GET http://localhost:5210/src/components/collabs/CollabsStats.jsx → 200 (148ms, 13991B)
[2026-07-21T14:32:04.905Z] GET http://localhost:5210/src/components/collabs/CollabsIntro.jsx → 200 (149ms, 13557B)
[2026-07-21T14:32:04.905Z] GET http://localhost:5210/src/components/collabs/CollabsProcess.jsx → 200 (148ms, 12183B)
[2026-07-21T14:32:04.905Z] GET http://localhost:5210/src/components/collabs/CollabsContentWorlds.jsx → 200 (153ms, 26756B)
[2026-07-21T14:32:04.905Z] GET http://localhost:5210/src/components/collabs/CollabsFormats.jsx → 200 (156ms, 21828B)
[2026-07-21T14:32:04.905Z] GET http://localhost:5210/src/components/collabs/CollabsTeam.jsx → 200 (152ms, 18184B)
[2026-07-21T14:32:04.905Z] GET http://localhost:5210/src/components/collabs/CollabsPartners.jsx → 200 (155ms, 12167B)
[2026-07-21T14:32:04.905Z] GET http://localhost:5210/src/components/collabs/CollabsCTA.jsx → 200 (155ms, 16386B)
[2026-07-21T14:32:04.938Z] GET http://localhost:5210/node_modules/.vite/deps/react-dom.js?v=2222e0de → 200 (116ms, 1352B)
[2026-07-21T14:32:04.938Z] GET http://localhost:5210/src/hooks/useAccessibility.js → 200 (119ms, 14197B)
[2026-07-21T14:32:04.938Z] GET http://localhost:5210/src/components/Accessibility/AccessibilityStatement.jsx → 200 (126ms, 26669B)
[2026-07-21T14:32:04.940Z] GET http://localhost:5210/src/components/alumni/AlumniHero.jsx → 200 (122ms, 26318B)
[2026-07-21T14:32:04.940Z] GET http://localhost:5210/src/components/alumni/AlumniStats.jsx → 200 (124ms, 14611B)
[2026-07-21T14:32:04.940Z] GET http://localhost:5210/src/components/alumni/AlumniIntro.jsx → 200 (125ms, 13474B)
[2026-07-21T14:32:04.940Z] GET http://localhost:5210/src/components/alumni/YoavProgram.jsx → 200 (126ms, 22651B)
[2026-07-21T14:32:04.940Z] GET http://localhost:5210/src/components/alumni/AlumniCTA.jsx → 200 (122ms, 12030B)
[2026-07-21T14:32:04.943Z] GET http://localhost:5210/src/components/hero-concepts/ConceptEditorialSplit.jsx → 200 (124ms, 24513B)
[2026-07-21T14:32:04.943Z] GET http://localhost:5210/src/components/hero-concepts/ConceptOversizedType.jsx → 200 (127ms, 19732B)
[2026-07-21T14:32:04.943Z] GET http://localhost:5210/src/components/hero-concepts/ConceptBentoMosaic.jsx → 200 (125ms, 20523B)
[2026-07-21T14:32:04.943Z] GET http://localhost:5210/src/components/hero-concepts/ConceptSpotlightArena.jsx → 200 (126ms, 20754B)
[2026-07-21T14:32:04.943Z] GET http://localhost:5210/src/components/hero-concepts/ConceptFramedPlate.jsx → 200 (126ms, 21126B)
[2026-07-21T14:32:04.946Z] GET http://localhost:5210/src/components/amir/AmirHero.jsx → 200 (130ms, 26158B)
[2026-07-21T14:32:04.946Z] GET http://localhost:5210/src/components/amir/AmirIntro.jsx → 200 (124ms, 13453B)
[2026-07-21T14:32:04.946Z] GET http://localhost:5210/src/components/amir/AmirZones.jsx → 200 (126ms, 27162B)
[2026-07-21T14:32:04.946Z] GET http://localhost:5210/src/components/amir/AmirContentWorlds.jsx → 200 (127ms, 29024B)
[2026-07-21T14:32:04.946Z] GET http://localhost:5210/src/components/amir/AmirCTA.jsx → 200 (126ms, 9224B)
[2026-07-21T14:32:04.960Z] GET http://localhost:5210/src/components/liabah/LiabahHero.jsx → 200 (115ms, 35546B)
[2026-07-21T14:32:04.960Z] GET http://localhost:5210/src/components/liabah/LiabahEssence.jsx → 200 (123ms, 50398B)
[2026-07-21T14:32:04.960Z] GET http://localhost:5210/src/components/liabah/LiabahPrograms.jsx → 200 (130ms, 38954B)
[2026-07-21T14:32:04.960Z] GET http://localhost:5210/src/components/liabah/LiabahCoaches.jsx → 200 (120ms, 44709B)
[2026-07-21T14:32:04.960Z] GET http://localhost:5210/src/components/liabah/LiabahMap.jsx → 200 (125ms, 79049B)
[2026-07-21T14:32:04.960Z] GET http://localhost:5210/src/components/liabah/LiabahGallery.jsx → 200 (117ms, 27903B)
[2026-07-21T14:32:04.961Z] GET http://localhost:5210/src/components/liabah/LiabahFAQ.jsx → 200 (120ms, 14271B)
[2026-07-21T14:32:04.961Z] GET http://localhost:5210/src/components/liabah/LiabahCTA.jsx → 200 (118ms, 16798B)
[2026-07-21T14:32:04.971Z] GET http://localhost:5210/src/components/team/TeamHero.jsx → pending (?ms, ?B)
[2026-07-21T14:32:04.971Z] GET http://localhost:5210/src/components/team/TeamRoster.jsx → 200 (117ms, 18953B)
[2026-07-21T14:32:04.971Z] GET http://localhost:5210/src/components/team/TeamIntro.jsx → 200 (111ms, 11267B)
[2026-07-21T14:32:04.971Z] GET http://localhost:5210/src/components/team/TeamCoach.jsx → 200 (115ms, 36125B)
[2026-07-21T14:32:04.971Z] GET http://localhost:5210/src/components/team/TeamInstructor.jsx → pending (?ms, ?B)
[2026-07-21T14:32:04.971Z] GET http://localhost:5210/src/components/team/TeamHq.jsx → 200 (121ms, 12529B)
[2026-07-21T14:32:04.971Z] GET http://localhost:5210/src/components/team/TeamCTA.jsx → 200 (116ms, 16637B)
[2026-07-21T14:32:05.040Z] GET http://localhost:5210/src/data/academyData.js → 200 (49ms, 83377B)
[2026-07-21T14:32:05.053Z] GET http://localhost:5210/src/components/liabah/shared.jsx → pending (?ms, ?B)
[2026-07-21T14:32:05.062Z] GET http://localhost:5210/src/data/alumniData.js → 200 (28ms, 17353B)
[2026-07-21T14:32:05.071Z] GET http://localhost:5210/src/data/amirData.js → 200 (21ms, 26221B)
[2026-07-21T14:32:05.075Z] GET http://localhost:5210/src/data/liabahData.js → pending (?ms, ?B)
[2026-07-21T14:32:05.082Z] GET http://localhost:5210/src/data/teamData.js → pending (?ms, ?B)
[2026-07-21T14:32:05.085Z] GET http://localhost:5210/src/data/israelOutline.js → pending (?ms, ?B)
[2026-07-21T14:32:05.110Z] POST https://fqgshlgvwwvwxsytksdn.supabase.co/rest/v1/page_views → 201 (765ms, ?B)
[2026-07-21T14:32:05.132Z] GET http://localhost:5210/src/assets/logo.png → 304 (2ms, ?B)
[2026-07-21T14:32:05.132Z] GET http://localhost:5210/Hero-Pics/214A0011.jpg → 304 (2ms, ?B)
[2026-07-21T14:32:05.133Z] GET http://localhost:5210/logo.png → 304 (1ms, ?B)
[2026-07-21T14:32:05.134Z] GET https://www.youtube.com/embed/jOdf0gJrZug?rel=0&modestbranding=1 → 200 (212ms, 56034B)
[2026-07-21T14:32:05.153Z] GET http://localhost:5210/fonts/rag-marom-2.1.otf → 304 (?ms, ?B)
[2026-07-21T14:32:05.161Z] GET http://localhost:5210/Hero-Pics/214A0027.jpg → 304 (23ms, ?B)
[2026-07-21T14:32:05.161Z] GET http://localhost:5210/Hero-Pics/214A0034.jpg → 304 (23ms, ?B)
[2026-07-21T14:32:05.161Z] GET http://localhost:5210/Hero-Pics/214A0088.jpg → 304 (23ms, ?B)
[2026-07-21T14:32:05.161Z] GET http://localhost:5210/Hero-Pics/214A0114.jpg → 304 (23ms, ?B)
[2026-07-21T14:32:05.161Z] GET http://localhost:5210/Hero-Pics/214A0511.jpg → 304 (24ms, ?B)
[2026-07-21T14:32:05.161Z] GET http://localhost:5210/Hero-Pics/_14A9355.jpg → 304 (25ms, ?B)
[2026-07-21T14:32:05.161Z] GET http://localhost:5210/our_product_pics/core_pic.jpg → 304 (25ms, ?B)
[2026-07-21T14:32:05.162Z] GET http://localhost:5210/our_product_pics/mehina_pic.png → 304 (23ms, ?B)
[2026-07-21T14:32:05.162Z] GET http://localhost:5210/hero_section/arena_intro.mp4 → 206 (24ms, 3180497B)
[2026-07-21T14:32:05.349Z] GET https://www.youtube.com/s/player/dfc3d2b2/www-player.css → 200 (13ms, 57378B)
[2026-07-21T14:32:05.349Z] GET https://www.youtube.com/s/_/ytembeds/_/ss/k=ytembeds.base.voLKPuLo35M.L.W.O/am=AAAAgA/d=0/br=1/rs=AGKMywFbOiAirpOGLQLAetGjYdyOjZXjoA → 200 (21ms, 51825B)
[2026-07-21T14:32:05.350Z] GET https://fonts.gstatic.com/s/roboto/v48/KFO7CnqEu92Fr1ME7kSn66aGLdTylUAMa3yUBHMdazQ.woff2 → 200 (117ms, 35220B)
[2026-07-21T14:32:05.367Z] GET https://www.youtube.com/s/_/ytembeds/_/js/k=ytembeds.base.en_US.ODfFrMosPCQ.es5.O/am=AAAAgA/d=1/br=1/rs=AGKMywFu4ZW9pRIW_XDhf8ZIbFxql1q7kw/m=root,base → 200 (49ms, 169383B)
[2026-07-21T14:32:05.367Z] GET https://www.youtube.com/s/player/dfc3d2b2/player_embed.vflset/en_US/base.js → 200 (71ms, 512771B)
[2026-07-21T14:32:05.447Z] GET https://googleads.g.doubleclick.net/pagead/id → 302 (138ms, ?B)
[2026-07-21T14:32:05.447Z] GET https://static.doubleclick.net/instream/ad_status.js → 200 (91ms, 495B)
[2026-07-21T14:32:05.448Z] GET https://www.youtube.com/s/_/ytembeds/_/js/k=ytembeds.base.en_US.ODfFrMosPCQ.es5.O/am=AAAAgA/d=1/exm=base,root/ed=1/br=1/rs=AGKMywFu4ZW9pRIW_XDhf8ZIbFxql1q7kw/m=r78Drb → 200 (26ms, 227949B)
[2026-07-21T14:32:05.500Z] GET https://i.ytimg.com/vi/jOdf0gJrZug/sddefault.jpg?sqp=-oaymwEmCIAFEOAD8quKqQMa8AEB-AH-CYAC0AWKAgwIABABGGUgRyg_MA8=&rs=AOn4CLC4q-6GMysJyzvBKBL3FL7AWuswyA → 200 (98ms, 14057B)
[2026-07-21T14:32:05.585Z] GET https://googleads.g.doubleclick.net/pagead/id?slf_rd=1 → 200 (71ms, 146B)
[2026-07-21T14:32:05.955Z] GET https://www.google.com/js/th/3vS4MzNmk5bpUZkAbQkUNnMBJb7mHJQeUuR4lw-z7K0.js → 200 (103ms, 24441B)
[2026-07-21T14:32:06.094Z] GET https://www.youtube.com/generate_204?PAV7Fg → 204 (9ms, 10B)
[2026-07-21T14:32:06.100Z] POST https://jnn-pa.googleapis.com/$rpc/google.internal.waa.v1.Waa/GenerateIT → 200 (289ms, 312B)
[2026-07-21T14:32:08.392Z] POST https://www.youtube.com/youtubei/v1/log_event?alt=json → 200 (186ms, 50B)
[2026-07-21T14:32:22.431Z] GET http://localhost:5210/ → 200 (5ms, ?B)
[2026-07-21T14:32:22.431Z] POST https://www.youtube.com/youtubei/v1/log_event?alt=json → pending (?ms, ?B)
[2026-07-21T14:32:22.451Z] POST https://www.youtube.com/api/stats/atr?ns=yt&el=embedded&cpn=VJUgQO64QhIE4QS2&ver=2&cmt=0&fs=0&rt=16.983&euri=http%3A%2F%2Flocalhost%3A5210%2F&lact=16988&cl=948671898&mos=0&volume=100&cbrand=apple&cbr=HeadlessChrome&cbrver=145.0.7632.6&c=WEB_EMBEDDED_PLAYER&cver=2.20260720.01.00&cplayer=UNIPLAYER&cos=Macintosh&cosver=10_15_7&cplatform=DESKTOP&epm=1&hl=en_US&cr=IL&len=118&fexp=v1%2C24004644%2C27058999%2C34656%2C124674%2C117689%2C9252%2C3479%2C13030%2C23206%2C100702%2C15105%2C25059%2C4174%2C30447%2C18705%2C21437%2C4571%2C14206%2C14897%2C7517%2C1887%2C23826%2C9500%2C1840%2C45715%2C13160%2C45932%2C10619%2C4199%2C30114%2C9181%2C15416%2C82%2C29960%2C3228%2C4296%2C366%2C5667%2C1168%2C372%2C7759%2C16451%2C173%2C8868%2C3475%2C5353%2C1900%2C9562%2C927%2C2249%2C115%2C158%2C11809%2C13051%2C756%2C30553%2C446%2C7635%2C1311%2C666%2C620%2C285%2C652%2C2%2C271%2C7620%2C1295%2C2664%2C525%2C3099%2C1832%2C18758%2C318%2C1454%2C10332%2C783&muted=0&docid=jOdf0gJrZug → pending (?ms, ?B)
[2026-07-21T14:32:22.451Z] POST https://www.youtube.com/youtubei/v1/log_event?alt=json → pending (?ms, ?B)
[2026-07-21T14:32:22.453Z] GET http://localhost:5210/@vite/client → 200 (4ms, ?B)
[2026-07-21T14:32:22.453Z] GET https://fonts.googleapis.com/css2?family=Frank+Ruhl+Libre:wght@300;400;500;700;900&family=Heebo:wght@300;400;500;600;700;800;900&family=Inter:wght@400;500;600;700;800;900&family=JetBrains+Mono:wght@400;500&display=swap → 200 (?ms, -743B)
[2026-07-21T14:32:22.455Z] GET http://localhost:5210/src/main.jsx → 200 (1ms, ?B)
[2026-07-21T14:32:22.455Z] GET http://localhost:5210/@react-refresh → 200 (8ms, ?B)
[2026-07-21T14:32:22.457Z] GET http://localhost:5210/node_modules/.vite/deps/react_jsx-dev-runtime.js?v=2222e0de → 200 (?ms, -310B)
[2026-07-21T14:32:22.457Z] GET http://localhost:5210/node_modules/.vite/deps/react.js?v=2222e0de → 200 (1ms, -307B)
[2026-07-21T14:32:22.458Z] GET http://localhost:5210/node_modules/.vite/deps/react-dom_client.js?v=2222e0de → 200 (?ms, -313B)
[2026-07-21T14:32:22.458Z] GET http://localhost:5210/src/index.css → 200 (14ms, ?B)
[2026-07-21T14:32:22.458Z] GET http://localhost:5210/src/App.jsx → 200 (13ms, ?B)
[2026-07-21T14:32:22.458Z] GET http://localhost:5210/src/HeroShowcase.jsx → 200 (18ms, ?B)
[2026-07-21T14:32:22.460Z] GET http://localhost:5210/src/DesignShowcase.jsx → 200 (18ms, ?B)
[2026-07-21T14:32:22.460Z] GET http://localhost:5210/src/CollabsHeroShowcase.jsx → 200 (17ms, ?B)
[2026-07-21T14:32:22.460Z] GET http://localhost:5210/src/lib/smoothScroll.js → 200 (18ms, ?B)
[2026-07-21T14:32:22.460Z] GET http://localhost:5210/src/lib/analytics.js → 200 (20ms, ?B)
[2026-07-21T14:32:22.460Z] GET http://localhost:5210/node_modules/vite/dist/client/env.mjs → 200 (23ms, ?B)
[2026-07-21T14:32:22.460Z] GET http://localhost:5210/node_modules/.vite/deps/chunk-YI4H6FPL.js?v=2222e0de → 200 (1ms, -310B)
[2026-07-21T14:32:22.462Z] GET http://localhost:5210/node_modules/.vite/deps/chunk-DC5AMYBS.js?v=2222e0de → 200 (?ms, -308B)
[2026-07-21T14:32:22.462Z] GET http://localhost:5210/node_modules/.vite/deps/chunk-42BTM2VB.js?v=2222e0de → 200 (?ms, -310B)
[2026-07-21T14:32:22.463Z] GET https://fonts.gstatic.com/s/heebo/v28/NGS6v5_NC0k9P9H0TbFhsqMA6aw.woff2 → 200 (?ms, -815B)
[2026-07-21T14:32:22.464Z] GET https://fonts.gstatic.com/s/heebo/v28/NGS6v5_NC0k9P9GKTbFhsqMA6aw.woff2 → 200 (?ms, -815B)
[2026-07-21T14:32:22.464Z] GET https://fonts.gstatic.com/s/heebo/v28/NGS6v5_NC0k9P9GYTbFhsqMA6aw.woff2 → 200 (?ms, -815B)
[2026-07-21T14:32:22.465Z] GET https://fonts.gstatic.com/s/heebo/v28/NGS6v5_NC0k9P9H2TbFhsqMA.woff2 → 200 (?ms, -815B)
[2026-07-21T14:32:22.465Z] GET https://fonts.gstatic.com/s/inter/v20/UcC73FwrK3iLTeHuS_nVMrMxCp50SjIa1ZL7W0Q5nw.woff2 → 200 (?ms, -815B)
[2026-07-21T14:32:22.466Z] GET https://fonts.gstatic.com/s/jetbrainsmono/v24/tDbv2o-flEEny0FZhsfKu5WU4zr3E_BX0PnT8RD8yKwBNntkaToggR7BYRbKPxDcwgknk-4.woff2 → 200 (?ms, -815B)
[2026-07-21T14:32:22.473Z] GET http://localhost:5210/src/components/Navbar.jsx → 200 (8ms, ?B)
[2026-07-21T14:32:22.473Z] GET http://localhost:5210/src/components/Hero.jsx → 200 (11ms, ?B)
[2026-07-21T14:32:22.473Z] GET http://localhost:5210/src/components/WhoWeAre.jsx → 200 (13ms, ?B)
[2026-07-21T14:32:22.473Z] GET http://localhost:5210/src/components/WhatWeBelieve.jsx → 200 (16ms, ?B)
[2026-07-21T14:32:22.473Z] GET http://localhost:5210/src/components/ManInArena.jsx → 200 (16ms, ?B)
[2026-07-21T14:32:22.473Z] GET http://localhost:5210/src/components/Programs.jsx → 200 (17ms, ?B)
[2026-07-21T14:32:22.473Z] GET http://localhost:5210/src/components/FiveContent.jsx → 200 (17ms, ?B)
[2026-07-21T14:32:22.474Z] GET http://localhost:5210/src/components/Footer.jsx → 200 (16ms, ?B)
[2026-07-21T14:32:22.474Z] GET http://localhost:5210/src/components/ContactModal.jsx → 200 (17ms, ?B)
[2026-07-21T14:32:22.474Z] GET http://localhost:5210/src/components/Accessibility/AccessibilityWidget.jsx → 200 (17ms, ?B)
[2026-07-21T14:32:22.474Z] GET http://localhost:5210/src/pages/LiabahPage.jsx → 200 (17ms, ?B)
[2026-07-21T14:32:22.474Z] GET http://localhost:5210/src/pages/AcademyPage.jsx → 200 (18ms, ?B)
[2026-07-21T14:32:22.474Z] GET http://localhost:5210/src/pages/CollaborationsPage.jsx → 200 (18ms, ?B)
[2026-07-21T14:32:22.474Z] GET http://localhost:5210/src/pages/AmirPage.jsx → 200 (18ms, ?B)
[2026-07-21T14:32:22.476Z] GET http://localhost:5210/src/pages/AlumniPage.jsx → 200 (17ms, ?B)
[2026-07-21T14:32:22.476Z] GET http://localhost:5210/src/pages/TeamPage.jsx → 200 (17ms, ?B)
[2026-07-21T14:32:22.476Z] GET http://localhost:5210/src/HeroConcepts.jsx → 200 (17ms, ?B)
[2026-07-21T14:32:22.476Z] GET http://localhost:5210/src/data/contact.js → 200 (17ms, ?B)
[2026-07-21T14:32:22.476Z] GET http://localhost:5210/src/components/showcase/HeroV1Monument.jsx → 200 (17ms, ?B)
[2026-07-21T14:32:22.476Z] GET http://localhost:5210/src/components/showcase/HeroV2Arena.jsx → 200 (18ms, ?B)
[2026-07-21T14:32:22.476Z] GET http://localhost:5210/src/components/showcase/HeroV3Fingers.jsx → 200 (18ms, ?B)
[2026-07-21T14:32:22.476Z] GET http://localhost:5210/src/components/showcase/HeroV4Manifesto.jsx → 200 (18ms, ?B)
[2026-07-21T14:32:22.477Z] GET http://localhost:5210/src/components/collabs/hero-versions/HeroCorporateSplit.jsx → 200 (18ms, ?B)
[2026-07-21T14:32:22.477Z] GET http://localhost:5210/src/components/collabs/hero-versions/HeroDataBoardroom.jsx → 200 (18ms, ?B)
[2026-07-21T14:32:22.477Z] GET http://localhost:5210/src/components/collabs/hero-versions/HeroEditorialLedger.jsx → 200 (19ms, ?B)
[2026-07-21T14:32:22.477Z] GET http://localhost:5210/src/components/collabs/hero-versions/HeroCapabilityBento.jsx → 200 (20ms, ?B)
[2026-07-21T14:32:22.478Z] GET http://localhost:5210/src/variants/VariantA.jsx → 200 (19ms, ?B)
[2026-07-21T14:32:22.478Z] GET http://localhost:5210/src/variants/VariantB.jsx → 200 (19ms, ?B)
[2026-07-21T14:32:22.478Z] GET http://localhost:5210/src/variants/VariantC.jsx → 200 (19ms, ?B)
[2026-07-21T14:32:22.478Z] GET http://localhost:5210/src/variants/VariantD.jsx → 200 (20ms, ?B)
[2026-07-21T14:32:22.478Z] GET http://localhost:5210/node_modules/.vite/deps/@studio-freight_lenis.js?v=2222e0de → 200 (?ms, -310B)
[2026-07-21T14:32:22.479Z] GET http://localhost:5210/node_modules/.vite/deps/gsap.js?v=2222e0de → 200 (?ms, -312B)
[2026-07-21T14:32:22.479Z] GET http://localhost:5210/node_modules/.vite/deps/gsap_ScrollTrigger.js?v=2222e0de → 200 (1ms, -312B)
[2026-07-21T14:32:22.482Z] GET http://localhost:5210/node_modules/.vite/deps/lucide-react.js?v=2222e0de → 200 (?ms, -312B)
[2026-07-21T14:32:22.483Z] GET http://localhost:5210/src/assets/logo.png?import → 200 (15ms, ?B)
[2026-07-21T14:32:22.483Z] GET http://localhost:5210/src/components/ui/Button.jsx → 200 (16ms, ?B)
[2026-07-21T14:32:22.486Z] GET http://localhost:5210/src/hooks/useReveal.js → 200 (13ms, ?B)
[2026-07-21T14:32:22.486Z] GET http://localhost:5210/src/hooks/useCountUp.js → 200 (12ms, ?B)
[2026-07-21T14:32:22.491Z] GET http://localhost:5210/node_modules/.vite/deps/react-dom.js?v=2222e0de → 200 (?ms, -308B)
[2026-07-21T14:32:22.491Z] GET http://localhost:5210/src/hooks/useAccessibility.js → 200 (9ms, ?B)
[2026-07-21T14:32:22.491Z] GET http://localhost:5210/src/components/Accessibility/AccessibilityStatement.jsx → 200 (9ms, ?B)
[2026-07-21T14:32:22.492Z] GET http://localhost:5210/src/components/SoftDivider.jsx → 200 (7ms, ?B)
[2026-07-21T14:32:22.492Z] GET http://localhost:5210/src/components/liabah/LiabahHero.jsx → 200 (7ms, ?B)
[2026-07-21T14:32:22.492Z] GET http://localhost:5210/src/components/liabah/LiabahEssence.jsx → 200 (8ms, ?B)
[2026-07-21T14:32:22.492Z] GET http://localhost:5210/src/components/liabah/LiabahPrograms.jsx → 200 (8ms, ?B)
[2026-07-21T14:32:22.492Z] GET http://localhost:5210/src/components/liabah/LiabahCoaches.jsx → 200 (8ms, ?B)
[2026-07-21T14:32:22.492Z] GET http://localhost:5210/src/components/liabah/LiabahMap.jsx → 200 (8ms, ?B)
[2026-07-21T14:32:22.492Z] GET http://localhost:5210/src/components/liabah/LiabahGallery.jsx → 200 (9ms, ?B)
[2026-07-21T14:32:22.492Z] GET http://localhost:5210/src/components/liabah/LiabahFAQ.jsx → 200 (9ms, ?B)
[2026-07-21T14:32:22.492Z] GET http://localhost:5210/src/components/liabah/LiabahCTA.jsx → 200 (9ms, ?B)
[2026-07-21T14:32:22.492Z] GET http://localhost:5210/src/components/academy/AcademyHero.jsx → 200 (10ms, ?B)
[2026-07-21T14:32:22.492Z] GET http://localhost:5210/src/components/academy/AcademyManifesto.jsx → 200 (9ms, ?B)
[2026-07-21T14:32:22.492Z] GET http://localhost:5210/src/components/academy/AcademyAxes.jsx → 200 (10ms, ?B)
[2026-07-21T14:32:22.492Z] GET http://localhost:5210/src/components/academy/AcademyPrograms.jsx → 200 (10ms, ?B)
[2026-07-21T14:32:22.492Z] GET http://localhost:5210/src/components/academy/AcademyImpact.jsx → 200 (10ms, ?B)
[2026-07-21T14:32:22.492Z] GET http://localhost:5210/src/components/academy/AcademyJourney.jsx → 200 (11ms, ?B)
[2026-07-21T14:32:22.492Z] GET http://localhost:5210/src/components/academy/AcademyAdmissions.jsx → 200 (11ms, ?B)
[2026-07-21T14:32:22.492Z] GET http://localhost:5210/src/components/academy/AcademyTestimonials.jsx → 200 (11ms, ?B)
[2026-07-21T14:32:22.492Z] GET http://localhost:5210/src/components/academy/AcademyGallery.jsx → 200 (12ms, ?B)
[2026-07-21T14:32:22.492Z] GET http://localhost:5210/src/components/academy/AcademyFAQ.jsx → 200 (12ms, ?B)
[2026-07-21T14:32:22.492Z] GET http://localhost:5210/src/components/academy/AcademyCTA.jsx → 200 (13ms, ?B)
[2026-07-21T14:32:22.492Z] GET http://localhost:5210/src/components/collabs/CollabsStats.jsx → 200 (13ms, ?B)
[2026-07-21T14:32:22.492Z] GET http://localhost:5210/src/components/collabs/CollabsIntro.jsx → 200 (13ms, ?B)
[2026-07-21T14:32:22.492Z] GET http://localhost:5210/src/components/collabs/CollabsProcess.jsx → 200 (13ms, ?B)
[2026-07-21T14:32:22.492Z] GET http://localhost:5210/src/components/collabs/CollabsContentWorlds.jsx → 200 (13ms, ?B)
[2026-07-21T14:32:22.492Z] GET http://localhost:5210/src/components/collabs/CollabsFormats.jsx → 200 (13ms, ?B)
[2026-07-21T14:32:22.492Z] GET http://localhost:5210/src/components/collabs/CollabsTeam.jsx → 200 (14ms, ?B)
[2026-07-21T14:32:22.492Z] GET http://localhost:5210/src/components/collabs/CollabsPartners.jsx → 200 (14ms, ?B)
[2026-07-21T14:32:22.492Z] GET http://localhost:5210/src/components/collabs/CollabsCTA.jsx → 200 (13ms, ?B)
[2026-07-21T14:32:22.492Z] GET http://localhost:5210/src/components/amir/AmirHero.jsx → 200 (13ms, ?B)
[2026-07-21T14:32:22.492Z] GET http://localhost:5210/src/components/amir/AmirIntro.jsx → 200 (17ms, ?B)
[2026-07-21T14:32:22.492Z] GET http://localhost:5210/src/components/amir/AmirZones.jsx → 200 (14ms, ?B)
[2026-07-21T14:32:22.492Z] GET http://localhost:5210/src/components/amir/AmirContentWorlds.jsx → 200 (16ms, ?B)
[2026-07-21T14:32:22.493Z] GET http://localhost:5210/src/components/amir/AmirCTA.jsx → 200 (15ms, ?B)
[2026-07-21T14:32:22.493Z] GET http://localhost:5210/src/components/alumni/AlumniHero.jsx → 200 (16ms, ?B)
[2026-07-21T14:32:22.493Z] GET http://localhost:5210/src/components/alumni/AlumniStats.jsx → 200 (17ms, ?B)
[2026-07-21T14:32:22.493Z] GET http://localhost:5210/src/components/alumni/AlumniIntro.jsx → 200 (16ms, ?B)
[2026-07-21T14:32:22.493Z] GET http://localhost:5210/src/components/alumni/YoavProgram.jsx → 200 (16ms, ?B)
[2026-07-21T14:32:22.493Z] GET http://localhost:5210/src/components/alumni/AlumniCTA.jsx → 200 (16ms, ?B)
[2026-07-21T14:32:22.493Z] GET http://localhost:5210/src/components/team/TeamHero.jsx → 200 (16ms, ?B)
[2026-07-21T14:32:22.493Z] GET http://localhost:5210/src/components/team/TeamRoster.jsx → 200 (19ms, ?B)
[2026-07-21T14:32:22.493Z] GET http://localhost:5210/src/components/team/TeamIntro.jsx → 200 (17ms, ?B)
[2026-07-21T14:32:22.493Z] GET http://localhost:5210/src/components/team/TeamCoach.jsx → 200 (18ms, ?B)
[2026-07-21T14:32:22.493Z] GET http://localhost:5210/src/components/team/TeamInstructor.jsx → 200 (18ms, ?B)
[2026-07-21T14:32:22.493Z] GET http://localhost:5210/src/components/team/TeamHq.jsx → 200 (18ms, ?B)
[2026-07-21T14:32:22.493Z] GET http://localhost:5210/src/components/team/TeamCTA.jsx → 200 (20ms, ?B)
[2026-07-21T14:32:22.493Z] GET http://localhost:5210/src/components/hero-concepts/ConceptEditorialSplit.jsx → 200 (19ms, ?B)
[2026-07-21T14:32:22.493Z] GET http://localhost:5210/src/components/hero-concepts/ConceptOversizedType.jsx → 200 (20ms, ?B)
[2026-07-21T14:32:22.493Z] GET http://localhost:5210/src/components/hero-concepts/ConceptBentoMosaic.jsx → 200 (20ms, ?B)
[2026-07-21T14:32:22.493Z] GET http://localhost:5210/src/components/hero-concepts/ConceptSpotlightArena.jsx → 200 (20ms, ?B)
[2026-07-21T14:32:22.493Z] GET http://localhost:5210/src/components/hero-concepts/ConceptFramedPlate.jsx → 200 (21ms, ?B)
[2026-07-21T14:32:22.495Z] GET http://localhost:5210/src/hooks/usePrefersReducedMotion.js → 200 (18ms, ?B)
[2026-07-21T14:32:22.495Z] GET http://localhost:5210/src/components/academy/shared.jsx → 200 (18ms, ?B)
[2026-07-21T14:32:22.495Z] GET http://localhost:5210/src/components/collabs/hero-versions/heroShared.js → 200 (18ms, ?B)
[2026-07-21T14:32:22.500Z] GET http://localhost:5210/src/data/liabahData.js → 200 (14ms, ?B)
[2026-07-21T14:32:22.500Z] GET http://localhost:5210/src/components/liabah/shared.jsx → 200 (14ms, ?B)
[2026-07-21T14:32:22.501Z] GET http://localhost:5210/src/data/israelOutline.js → 200 (13ms, ?B)
[2026-07-21T14:32:22.502Z] GET http://localhost:5210/src/data/academyData.js → 200 (12ms, ?B)
[2026-07-21T14:32:22.505Z] GET http://localhost:5210/src/data/amirData.js → 200 (9ms, ?B)
[2026-07-21T14:32:22.509Z] GET http://localhost:5210/src/data/alumniData.js → 200 (5ms, ?B)
[2026-07-21T14:32:22.510Z] GET http://localhost:5210/src/data/teamData.js → 200 (4ms, ?B)
[2026-07-21T14:32:22.515Z] POST https://fqgshlgvwwvwxsytksdn.supabase.co/rest/v1/page_views → 201 (257ms, ?B)
[2026-07-21T14:32:22.529Z] GET http://localhost:5210/src/assets/logo.png → 304 (1ms, ?B)
[2026-07-21T14:32:22.529Z] GET http://localhost:5210/Hero-Pics/214A0011.jpg → 304 (1ms, ?B)
[2026-07-21T14:32:22.529Z] GET http://localhost:5210/logo.png → 304 (1ms, ?B)
[2026-07-21T14:32:22.530Z] GET https://www.youtube.com/embed/jOdf0gJrZug?rel=0&modestbranding=1 → 200 (279ms, 56178B)
[2026-07-21T14:32:22.548Z] GET http://localhost:5210/fonts/rag-marom-2.1.otf → 304 (1ms, ?B)
[2026-07-21T14:32:22.548Z] GET http://localhost:5210/Hero-Pics/214A0027.jpg → 304 (1ms, ?B)
[2026-07-21T14:32:22.548Z] GET http://localhost:5210/Hero-Pics/214A0034.jpg → 304 (16ms, ?B)
[2026-07-21T14:32:22.548Z] GET http://localhost:5210/Hero-Pics/214A0088.jpg → 304 (16ms, ?B)
[2026-07-21T14:32:22.548Z] GET http://localhost:5210/Hero-Pics/214A0114.jpg → 304 (16ms, ?B)
[2026-07-21T14:32:22.548Z] GET http://localhost:5210/Hero-Pics/214A0511.jpg → 304 (16ms, ?B)
[2026-07-21T14:32:22.549Z] GET http://localhost:5210/Hero-Pics/_14A9355.jpg → 304 (15ms, ?B)
[2026-07-21T14:32:22.668Z] GET http://localhost:5210/our_product_pics/core_pic.jpg → 304 (3ms, ?B)
[2026-07-21T14:32:22.668Z] GET http://localhost:5210/our_product_pics/mehina_pic.png → 304 (4ms, ?B)
[2026-07-21T14:32:22.668Z] GET http://localhost:5210/our_product_pics/yoav_pic.jpg → 304 (4ms, ?B)
[2026-07-21T14:32:22.733Z] GET https://open.spotify.com/embed/show/1pkoB14iPwztzO8LXkqGaR?utm_source=generator&theme=0 → pending (?ms, ?B)
[2026-07-21T14:32:22.733Z] GET http://localhost:5210/our_product_pics/collab_pic.jpg → 200 (2ms, 542919B)
[2026-07-21T14:32:22.812Z] GET https://www.youtube.com/s/player/dfc3d2b2/www-player.css → 200 (?ms, -682B)
[2026-07-21T14:32:22.812Z] GET https://www.youtube.com/s/_/ytembeds/_/ss/k=ytembeds.base.voLKPuLo35M.L.W.O/am=AAAAgA/d=0/br=1/rs=AGKMywFbOiAirpOGLQLAetGjYdyOjZXjoA → 200 (?ms, -907B)
[2026-07-21T14:32:22.814Z] GET https://fonts.gstatic.com/s/roboto/v48/KFO7CnqEu92Fr1ME7kSn66aGLdTylUAMa3yUBHMdazQ.woff2 → 200 (?ms, -815B)
[2026-07-21T14:32:22.842Z] GET https://www.youtube.com/s/_/ytembeds/_/js/k=ytembeds.base.en_US.ODfFrMosPCQ.es5.O/am=AAAAgA/d=1/br=1/rs=AGKMywFu4ZW9pRIW_XDhf8ZIbFxql1q7kw/m=root,base → 200 (?ms, -915B)
[2026-07-21T14:32:22.872Z] GET https://www.youtube.com/s/player/dfc3d2b2/player_embed.vflset/en_US/base.js → 200 (?ms, -690B)
[2026-07-21T14:32:22.879Z] GET https://googleads.g.doubleclick.net/pagead/id → 302 (65ms, ?B)
[2026-07-21T14:32:22.879Z] GET https://static.doubleclick.net/instream/ad_status.js → 200 (1ms, -723B)
[2026-07-21T14:32:22.880Z] GET https://www.youtube.com/s/_/ytembeds/_/js/k=ytembeds.base.en_US.ODfFrMosPCQ.es5.O/am=AAAAgA/d=1/exm=base,root/ed=1/br=1/rs=AGKMywFu4ZW9pRIW_XDhf8ZIbFxql1q7kw/m=r78Drb → 200 (?ms, -915B)
[2026-07-21T14:32:22.940Z] GET https://i.ytimg.com/vi/jOdf0gJrZug/maxresdefault.jpg?sqp=-oaymwEmCIAKENAF8quKqQMa8AEB-AH-CYAC0AWKAgwIABABGGUgRyg_MA8=&rs=AOn4CLCX5X3fHDrVH7_vKvVE1xdRrSYc_Q → 200 (24ms, 28073B)
[2026-07-21T14:32:22.942Z] GET https://yt3.ggpht.com/_tWmyW71SI5j7yNXi4qb6wW_3DOzOEI9vnJ94tfgA5MUizLAMw3aqFWvAySo6MYPIhTuoJqCNag=s68-c-k-c0x00ffffff-no-rj → 200 (109ms, 4079B)
[2026-07-21T14:32:22.944Z] GET https://googleads.g.doubleclick.net/pagead/id?slf_rd=1 → 200 (67ms, 146B)
[2026-07-21T14:32:22.996Z] POST https://www.youtube.com/youtubei/v1/log_event?alt=json → pending (?ms, ?B)
[2026-07-21T14:32:23.103Z] POST https://www.youtube.com/youtubei/v1/log_event?alt=json → 200 (4ms, 50B)
[2026-07-21T14:32:23.179Z] GET https://embed-cdn.spotifycdn.com/_next/static/css/ae20dae031358b14.css → 200 (96ms, 25426B)
[2026-07-21T14:32:23.179Z] GET https://embed-cdn.spotifycdn.com/_next/static/css/6bff6d40db68084e.css → 200 (132ms, 6616B)
[2026-07-21T14:32:23.179Z] GET https://embed-cdn.spotifycdn.com/_next/static/css/ba597db3e11d31f9.css → 200 (89ms, 3219B)
[2026-07-21T14:32:23.179Z] GET https://embed-cdn.spotifycdn.com/_next/static/css/14065715fb0eddf9.css → 200 (131ms, 3464B)
[2026-07-21T14:32:23.179Z] GET https://embed-cdn.spotifycdn.com/_next/static/chunks/webpack-6a3671b087bf9720.js → 200 (87ms, 3520B)
[2026-07-21T14:32:23.179Z] GET https://embed-cdn.spotifycdn.com/_next/static/chunks/framework-d51967e8c8e13641.js → 200 (123ms, 60361B)
[2026-07-21T14:32:23.179Z] GET https://embed-cdn.spotifycdn.com/_next/static/chunks/main-9182335c5e433871.js → 200 (116ms, 41176B)
[2026-07-21T14:32:23.179Z] GET https://embed-cdn.spotifycdn.com/_next/static/chunks/pages/_app-49b3d52602b860d4.js → 200 (156ms, 125422B)
[2026-07-21T14:32:23.179Z] GET https://embed-cdn.spotifycdn.com/_next/static/chunks/c4f29680-2a3aca87bc667b85.js → 200 (219ms, 101235B)
[2026-07-21T14:32:23.179Z] GET https://embed-cdn.spotifycdn.com/_next/static/chunks/1df930d7-c3c84ee0b3e2843b.js → 200 (101ms, 1801B)
[2026-07-21T14:32:23.179Z] GET https://embed-cdn.spotifycdn.com/_next/static/chunks/8494-e90532fa0601445c.js → 200 (98ms, 4229B)
[2026-07-21T14:32:23.179Z] GET https://embed-cdn.spotifycdn.com/_next/static/chunks/7740-c6dbc536b0bb3d7c.js → 200 (183ms, 127237B)
[2026-07-21T14:32:23.179Z] GET https://embed-cdn.spotifycdn.com/_next/static/chunks/5542-5a715e9a1ee7e4d0.js → 200 (122ms, 40136B)
[2026-07-21T14:32:23.179Z] GET https://embed-cdn.spotifycdn.com/_next/static/chunks/258-80c3af4cd9a5945e.js → 200 (155ms, 5599B)
[2026-07-21T14:32:23.179Z] GET https://embed-cdn.spotifycdn.com/_next/static/chunks/pages/show/%5Bid%5D-c980d7a171516ee5.js → 200 (106ms, 5958B)
[2026-07-21T14:32:23.179Z] GET https://embed-cdn.spotifycdn.com/_next/static/79fbe8be-53f1-499a-9001-94732956fcd2/_buildManifest.js → 200 (102ms, 1414B)
[2026-07-21T14:32:23.179Z] GET https://embed-cdn.spotifycdn.com/_next/static/79fbe8be-53f1-499a-9001-94732956fcd2/_ssgManifest.js → 200 (101ms, 405B)
[2026-07-21T14:32:23.179Z] GET https://image-cdn-ak.spotifycdn.com/image/ab67656300005f1f406cc242663e48837f0c9fe3 → 200 (156ms, 33759B)
[2026-07-21T14:32:23.331Z] GET https://encore.scdn.co/fonts/SpotifyMixUI-Bold-09c45a3a0ce9d2971e62cb26e97760fb.woff2 → 200 (104ms, 47822B)
[2026-07-21T14:32:23.331Z] GET https://encore.scdn.co/fonts/SpotifyMixUI-Regular-76c92fb1a35c462f73429fa8865163eb.woff2 → 200 (105ms, 44741B)
[2026-07-21T14:32:23.331Z] GET https://encore.scdn.co/fonts/SpotifyMixUITitle-Bold-2c79abf9c6697da8b2bf5af3f11e6913.woff2 → 200 (105ms, 53402B)
[2026-07-21T14:32:23.331Z] GET https://encore.scdn.co/fonts/CircularSp-Hebr-Book-bd691543176c385b089f6986ddf58c5f.woff2 → 200 (105ms, 12939B)
[2026-07-21T14:32:23.352Z] GET blob:https://open.spotify.com/4bae8294-68b6-4d6c-9a17-8f8f08985434 → 200 (16ms, -59B)
[2026-07-21T14:32:23.362Z] POST https://o22381.ingest.us.sentry.io/api/4505164808585216/envelope/?sentry_version=7&sentry_key=4cc707ab12ea4779b417479c0550a5cb&sentry_client=sentry.javascript.nextjs%2F10.45.0 → 200 (447ms, 56B)
[2026-07-21T14:32:23.388Z] GET https://www.google.com/js/th/3vS4MzNmk5bpUZkAbQkUNnMBJb7mHJQeUuR4lw-z7K0.js → 200 (?ms, -813B)
[2026-07-21T14:32:23.435Z] POST https://o22381.ingest.us.sentry.io/api/4505164808585216/envelope/?sentry_version=7&sentry_key=4cc707ab12ea4779b417479c0550a5cb&sentry_client=sentry.javascript.nextjs%2F10.45.0 → 200 (226ms, 56B)
[2026-07-21T14:32:23.435Z] POST https://o22381.ingest.us.sentry.io/api/4505164808585216/envelope/?sentry_version=7&sentry_key=4cc707ab12ea4779b417479c0550a5cb&sentry_client=sentry.javascript.nextjs%2F10.45.0 → 200 (225ms, 300B)
[2026-07-21T14:32:23.450Z] GET https://apresolve.spotify.com/?type=dealer-g2&type=spclient → 200 (307ms, 193B)
[2026-07-21T14:32:23.454Z] GET https://embed-cdn.spotifycdn.com/_next/static/chunks/5039.440e19fa157cd73b.js → 200 (20ms, 11888B)
[2026-07-21T14:32:23.454Z] GET https://embed-cdn.spotifycdn.com/_next/static/chunks/755.f2e02398e565c27c.js → 200 (16ms, 1113B)
[2026-07-21T14:32:23.454Z] GET https://apresolve.spotify.com/?type=dealer-g2&type=spclient → 200 (161ms, 317B)
[2026-07-21T14:32:23.489Z] GET https://embed-cdn.spotifycdn.com/_next/static/chunks/da236039.201ee8665d02be31.js → 200 (18ms, 16821B)
[2026-07-21T14:32:23.489Z] GET https://embed-cdn.spotifycdn.com/_next/static/chunks/8272.1d3ae19608cd6071.js → 200 (28ms, 88332B)
[2026-07-21T14:32:23.489Z] GET https://embed-cdn.spotifycdn.com/_next/static/chunks/spotify_player_o.7f82139c1652bcc2.js → 200 (17ms, 4703B)
[2026-07-21T14:32:23.496Z] GET https://www.youtube.com/generate_204?bHrd8Q → 204 (14ms, 11B)
[2026-07-21T14:32:23.504Z] POST https://jnn-pa.googleapis.com/$rpc/google.internal.waa.v1.Waa/GenerateIT → 200 (116ms, 145B)
[2026-07-21T14:32:23.758Z] POST https://gew1-spclient.spotify.com/gabo-receiver-service/public/v3/events → 200 (326ms, 164B)
[2026-07-21T14:32:24.085Z] POST https://gew1-spclient.spotify.com/gabo-receiver-service/public/v3/events → pending (?ms, ?B)
[2026-07-21T14:32:25.622Z] POST https://www.youtube.com/youtubei/v1/log_event?alt=json → 200 (73ms, 50B)
[2026-07-21T14:32:27.449Z] POST https://gew1-spclient.spotify.com/gabo-receiver-service/public/v3/events → 200 (150ms, 32B)
[2026-07-21T14:32:27.449Z] POST https://gew1-spclient.spotify.com/gabo-receiver-service/public/v3/events → 200 (142ms, 32B)
[2026-07-21T14:33:22.837Z] POST https://www.youtube.com/youtubei/v1/log_event?alt=json → 200 (278ms, 272B)
[2026-07-21T14:34:23.012Z] GET https://googleads.g.doubleclick.net/pagead/id → 302 (160ms, ?B)
[2026-07-21T14:34:23.172Z] GET https://googleads.g.doubleclick.net/pagead/id?slf_rd=1 → pending (?ms, ?B)
[2026-07-21T14:46:02.498Z] GET http://localhost:5210/ → 200 (31ms, 2405B)
[2026-07-21T14:46:02.499Z] POST https://www.youtube.com/youtubei/v1/log_event?alt=json → pending (?ms, ?B)
[2026-07-21T14:46:02.499Z] POST https://gew1-spclient.spotify.com/gabo-receiver-service/public/v3/events → pending (?ms, ?B)
[2026-07-21T14:46:02.499Z] GET https://apresolve.spotify.com/?type=dealer-g2&type=spclient → pending (?ms, ?B)
[2026-07-21T14:46:02.565Z] POST https://www.youtube.com/api/stats/atr?ns=yt&el=embedded&cpn=yIzO_ZbsNZJsqqBU&ver=2&cmt=0&fs=0&rt=819.649&euri=http%3A%2F%2Flocalhost%3A5210%2F&lact=797013&cl=948671898&mos=0&volume=100&cbrand=apple&cbr=HeadlessChrome&cbrver=145.0.7632.6&c=WEB_EMBEDDED_PLAYER&cver=2.20260720.01.00&cplayer=UNIPLAYER&cos=Macintosh&cosver=10_15_7&cplatform=DESKTOP&epm=1&hl=en_US&cr=IL&len=118&fexp=v1%2C24004644%2C27058999%2C34656%2C124674%2C117689%2C9252%2C3479%2C13030%2C23206%2C100702%2C15105%2C25059%2C4174%2C30447%2C18705%2C21437%2C4571%2C14206%2C14897%2C7517%2C1887%2C23826%2C9500%2C1840%2C45715%2C13160%2C45932%2C10619%2C4199%2C30114%2C9181%2C15416%2C82%2C29960%2C3228%2C4296%2C366%2C5667%2C1168%2C372%2C7759%2C16451%2C173%2C8868%2C3475%2C5353%2C1900%2C9562%2C927%2C2249%2C115%2C158%2C11809%2C13051%2C756%2C30553%2C446%2C7635%2C1311%2C666%2C620%2C285%2C652%2C2%2C271%2C7620%2C1295%2C2664%2C525%2C3099%2C1832%2C18758%2C318%2C1454%2C10332%2C783&muted=0&docid=jOdf0gJrZug → pending (?ms, ?B)
[2026-07-21T14:46:02.567Z] POST https://www.youtube.com/youtubei/v1/log_event?alt=json → pending (?ms, ?B)
[2026-07-21T14:46:02.568Z] POST https://o22381.ingest.us.sentry.io/api/4505164808585216/envelope/?sentry_version=7&sentry_key=4cc707ab12ea4779b417479c0550a5cb&sentry_client=sentry.javascript.nextjs%2F10.45.0 → pending (?ms, ?B)
[2026-07-21T14:46:02.569Z] GET http://localhost:5210/@vite/client → 200 (418ms, 182535B)
[2026-07-21T14:46:02.569Z] GET https://fonts.googleapis.com/css2?family=Frank+Ruhl+Libre:wght@300;400;500;700;900&family=Heebo:wght@300;400;500;600;700;800;900&family=Inter:wght@400;500;600;700;800;900&family=JetBrains+Mono:wght@400;500&display=swap → 200 (?ms, -743B)
[2026-07-21T14:46:02.571Z] GET http://localhost:5210/src/main.jsx → 200 (393ms, 4325B)
[2026-07-21T14:46:02.571Z] GET http://localhost:5210/@react-refresh → 200 (404ms, 113132B)
[2026-07-21T14:46:02.576Z] GET https://fonts.gstatic.com/s/heebo/v28/NGS6v5_NC0k9P9H0TbFhsqMA6aw.woff2 → 200 (?ms, -815B)
[2026-07-21T14:46:02.577Z] GET https://fonts.gstatic.com/s/heebo/v28/NGS6v5_NC0k9P9GKTbFhsqMA6aw.woff2 → 200 (1ms, -815B)
[2026-07-21T14:46:02.578Z] GET https://fonts.gstatic.com/s/heebo/v28/NGS6v5_NC0k9P9GYTbFhsqMA6aw.woff2 → 200 (?ms, -815B)
[2026-07-21T14:46:02.578Z] GET https://fonts.gstatic.com/s/heebo/v28/NGS6v5_NC0k9P9H2TbFhsqMA.woff2 → 200 (1ms, -815B)
[2026-07-21T14:46:02.579Z] GET https://fonts.gstatic.com/s/inter/v20/UcC73FwrK3iLTeHuS_nVMrMxCp50SjIa1ZL7W0Q5nw.woff2 → 200 (?ms, -815B)
[2026-07-21T14:46:02.579Z] GET https://fonts.gstatic.com/s/jetbrainsmono/v24/tDbv2o-flEEny0FZhsfKu5WU4zr3E_BX0PnT8RD8yKwBNntkaToggR7BYRbKPxDcwgknk-4.woff2 → 200 (?ms, -815B)
[2026-07-21T14:46:02.965Z] GET http://localhost:5210/node_modules/.vite/deps/react_jsx-dev-runtime.js?v=2222e0de → 200 (28ms, ?B)
[2026-07-21T14:46:02.965Z] GET http://localhost:5210/node_modules/.vite/deps/react.js?v=2222e0de → pending (?ms, ?B)
[2026-07-21T14:46:02.965Z] GET http://localhost:5210/node_modules/.vite/deps/react-dom_client.js?v=2222e0de → pending (?ms, ?B)
[2026-07-21T14:46:02.965Z] GET http://localhost:5210/src/index.css → pending (?ms, ?B)
[2026-07-21T14:46:02.965Z] GET http://localhost:5210/src/App.jsx → pending (?ms, ?B)
[2026-07-21T14:46:02.965Z] GET http://localhost:5210/src/HeroShowcase.jsx → pending (?ms, ?B)
[2026-07-21T14:46:02.965Z] GET http://localhost:5210/src/DesignShowcase.jsx → pending (?ms, ?B)
[2026-07-21T14:46:02.965Z] GET http://localhost:5210/src/CollabsHeroShowcase.jsx → pending (?ms, ?B)
[2026-07-21T14:46:02.965Z] GET http://localhost:5210/src/lib/smoothScroll.js → pending (?ms, ?B)
[2026-07-21T14:46:02.965Z] GET http://localhost:5210/src/lib/analytics.js → pending (?ms, ?B)
[2026-07-21T14:46:02.987Z] GET http://localhost:5210/node_modules/vite/dist/client/env.mjs → pending (?ms, ?B)
[2026-07-21T14:46:02.994Z] GET http://localhost:5210/node_modules/.vite/deps/chunk-YI4H6FPL.js?v=2222e0de → pending (?ms, ?B)
[2026-07-21T14:46:02.994Z] GET http://localhost:5210/node_modules/.vite/deps/chunk-DC5AMYBS.js?v=2222e0de → pending (?ms, ?B)
[2026-07-21T14:46:03.083Z] GET http://localhost:5210/node_modules/.vite/deps/@studio-freight_lenis.js?v=2222e0de → 200 (65ms, 15334B)
[2026-07-21T14:46:03.083Z] GET http://localhost:5210/node_modules/.vite/deps/gsap.js?v=2222e0de → 200 (66ms, 169805B)
[2026-07-21T14:46:03.083Z] GET http://localhost:5210/node_modules/.vite/deps/gsap_ScrollTrigger.js?v=2222e0de → 200 (65ms, 106350B)
[2026-07-21T14:46:03.085Z] GET http://localhost:5210/node_modules/.vite/deps/chunk-42BTM2VB.js?v=2222e0de → 200 (63ms, 16533B)
[2026-07-21T14:46:03.088Z] GET http://localhost:5210/src/components/collabs/hero-versions/HeroCorporateSplit.jsx → 200 (749ms, 29900B)
[2026-07-21T14:46:03.088Z] GET http://localhost:5210/src/components/collabs/hero-versions/HeroDataBoardroom.jsx → 200 (308ms, 31799B)
[2026-07-21T14:46:03.088Z] GET http://localhost:5210/src/components/collabs/hero-versions/HeroEditorialLedger.jsx → 200 (720ms, 33476B)
[2026-07-21T14:46:03.088Z] GET http://localhost:5210/src/components/collabs/hero-versions/HeroCapabilityBento.jsx → 200 (733ms, 36862B)
[2026-07-21T14:46:03.101Z] GET http://localhost:5210/src/variants/VariantA.jsx → 200 (742ms, 50254B)
[2026-07-21T14:46:03.101Z] GET http://localhost:5210/src/variants/VariantB.jsx → 200 (747ms, 50511B)
[2026-07-21T14:46:03.101Z] GET http://localhost:5210/src/variants/VariantC.jsx → 200 (750ms, 59723B)
[2026-07-21T14:46:03.101Z] GET http://localhost:5210/src/variants/VariantD.jsx → 200 (739ms, 59850B)
[2026-07-21T14:46:03.105Z] GET http://localhost:5210/src/components/showcase/HeroV1Monument.jsx → 200 (763ms, 38281B)
[2026-07-21T14:46:03.105Z] GET http://localhost:5210/src/components/showcase/HeroV2Arena.jsx → 200 (748ms, 39771B)
[2026-07-21T14:46:03.105Z] GET http://localhost:5210/src/components/showcase/HeroV3Fingers.jsx → 200 (744ms, 35734B)
[2026-07-21T14:46:03.105Z] GET http://localhost:5210/src/components/showcase/HeroV4Manifesto.jsx → 200 (751ms, 62610B)
[2026-07-21T14:46:03.346Z] GET http://localhost:5210/src/components/Navbar.jsx → 200 (516ms, 27683B)
[2026-07-21T14:46:03.346Z] GET http://localhost:5210/src/components/Hero.jsx → 200 (515ms, 34841B)
[2026-07-21T14:46:03.346Z] GET http://localhost:5210/src/components/WhoWeAre.jsx → 200 (518ms, 17294B)
[2026-07-21T14:46:03.346Z] GET http://localhost:5210/src/components/WhatWeBelieve.jsx → 200 (533ms, 19406B)
[2026-07-21T14:46:03.346Z] GET http://localhost:5210/src/components/ManInArena.jsx → 200 (520ms, 16082B)
[2026-07-21T14:46:03.346Z] GET http://localhost:5210/src/components/Programs.jsx → 200 (526ms, 46476B)
[2026-07-21T14:46:03.346Z] GET http://localhost:5210/src/components/FiveContent.jsx → 200 (524ms, 46199B)
[2026-07-21T14:46:03.346Z] GET http://localhost:5210/src/components/Footer.jsx → 200 (525ms, 17731B)
[2026-07-21T14:46:03.346Z] GET http://localhost:5210/src/components/ContactModal.jsx → pending (?ms, ?B)
[2026-07-21T14:46:03.346Z] GET http://localhost:5210/src/components/Accessibility/AccessibilityWidget.jsx → pending (?ms, ?B)
[2026-07-21T14:46:03.346Z] GET http://localhost:5210/src/pages/LiabahPage.jsx → 200 (530ms, 9990B)
[2026-07-21T14:46:03.346Z] GET http://localhost:5210/src/pages/AcademyPage.jsx → 200 (586ms, 13542B)
[2026-07-21T14:46:03.346Z] GET http://localhost:5210/src/pages/CollaborationsPage.jsx → 200 (537ms, 12155B)
[2026-07-21T14:46:03.346Z] GET http://localhost:5210/src/pages/AmirPage.jsx → 200 (608ms, 8470B)
[2026-07-21T14:46:03.347Z] GET http://localhost:5210/src/pages/AlumniPage.jsx → 200 (587ms, 7905B)
[2026-07-21T14:46:03.347Z] GET http://localhost:5210/src/pages/TeamPage.jsx → pending (?ms, ?B)
[2026-07-21T14:46:03.347Z] GET http://localhost:5210/src/HeroConcepts.jsx → pending (?ms, ?B)
[2026-07-21T14:46:03.347Z] GET http://localhost:5210/src/data/contact.js → 200 (646ms, 3188B)
[2026-07-21T14:46:03.396Z] GET http://localhost:5210/node_modules/.vite/deps/lucide-react.js?v=2222e0de → pending (?ms, ?B)
[2026-07-21T14:46:03.396Z] GET http://localhost:5210/src/hooks/usePrefersReducedMotion.js → pending (?ms, ?B)
[2026-07-21T14:46:03.397Z] GET http://localhost:5210/src/components/ui/Button.jsx → pending (?ms, ?B)
[2026-07-21T14:46:03.397Z] GET http://localhost:5210/src/components/collabs/hero-versions/heroShared.js → pending (?ms, ?B)
[2026-07-21T14:46:03.808Z] GET http://localhost:5210/src/components/academy/shared.jsx → pending (?ms, ?B)
[2026-07-21T14:46:03.862Z] GET http://localhost:5210/src/assets/logo.png?import → pending (?ms, ?B)
[2026-07-21T14:46:03.864Z] GET http://localhost:5210/src/hooks/useReveal.js → pending (?ms, ?B)
[2026-07-21T14:46:03.864Z] GET http://localhost:5210/src/hooks/useCountUp.js → pending (?ms, ?B)
[2026-07-21T14:46:03.877Z] GET http://localhost:5210/src/components/SoftDivider.jsx → pending (?ms, ?B)
[2026-07-21T14:46:03.877Z] GET http://localhost:5210/src/components/liabah/LiabahHero.jsx → pending (?ms, ?B)
[2026-07-21T14:46:03.877Z] GET http://localhost:5210/src/components/liabah/LiabahEssence.jsx → pending (?ms, ?B)
[2026-07-21T14:46:03.877Z] GET http://localhost:5210/src/components/liabah/LiabahPrograms.jsx → pending (?ms, ?B)
[2026-07-21T14:46:03.877Z] GET http://localhost:5210/src/components/liabah/LiabahCoaches.jsx → pending (?ms, ?B)
[2026-07-21T14:46:03.877Z] GET http://localhost:5210/src/components/liabah/LiabahMap.jsx → pending (?ms, ?B)
[2026-07-21T14:46:03.877Z] GET http://localhost:5210/src/components/liabah/LiabahGallery.jsx → pending (?ms, ?B)
[2026-07-21T14:46:03.878Z] GET http://localhost:5210/src/components/liabah/LiabahFAQ.jsx → pending (?ms, ?B)
[2026-07-21T14:46:03.878Z] GET http://localhost:5210/src/components/liabah/LiabahCTA.jsx → pending (?ms, ?B)
[2026-07-21T14:46:03.884Z] GET http://localhost:5210/src/components/collabs/CollabsStats.jsx → pending (?ms, ?B)
[2026-07-21T14:46:03.884Z] GET http://localhost:5210/src/components/collabs/CollabsIntro.jsx → pending (?ms, ?B)
[2026-07-21T14:46:03.884Z] GET http://localhost:5210/src/components/collabs/CollabsProcess.jsx → pending (?ms, ?B)
[2026-07-21T14:46:03.884Z] GET http://localhost:5210/src/components/collabs/CollabsContentWorlds.jsx → pending (?ms, ?B)
[2026-07-21T14:46:03.884Z] GET http://localhost:5210/src/components/collabs/CollabsFormats.jsx → pending (?ms, ?B)
[2026-07-21T14:46:03.884Z] GET http://localhost:5210/src/components/collabs/CollabsTeam.jsx → pending (?ms, ?B)
[2026-07-21T14:46:03.884Z] GET http://localhost:5210/src/components/collabs/CollabsPartners.jsx → pending (?ms, ?B)
[2026-07-21T14:46:03.885Z] GET http://localhost:5210/src/components/collabs/CollabsCTA.jsx → pending (?ms, ?B)
[2026-07-21T14:46:03.932Z] GET http://localhost:5210/src/components/academy/AcademyHero.jsx → pending (?ms, ?B)
[2026-07-21T14:46:03.932Z] GET http://localhost:5210/src/components/academy/AcademyManifesto.jsx → pending (?ms, ?B)
[2026-07-21T14:46:03.932Z] GET http://localhost:5210/src/components/academy/AcademyAxes.jsx → pending (?ms, ?B)
[2026-07-21T14:46:03.932Z] GET http://localhost:5210/src/components/academy/AcademyPrograms.jsx → pending (?ms, ?B)
[2026-07-21T14:46:03.932Z] GET http://localhost:5210/src/components/academy/AcademyImpact.jsx → pending (?ms, ?B)
[2026-07-21T14:46:03.932Z] GET http://localhost:5210/src/components/academy/AcademyJourney.jsx → pending (?ms, ?B)
[2026-07-21T14:46:03.932Z] GET http://localhost:5210/src/components/academy/AcademyAdmissions.jsx → pending (?ms, ?B)
[2026-07-21T14:46:03.933Z] GET http://localhost:5210/src/components/academy/AcademyTestimonials.jsx → pending (?ms, ?B)
[2026-07-21T14:46:03.933Z] GET http://localhost:5210/src/components/academy/AcademyGallery.jsx → pending (?ms, ?B)
[2026-07-21T14:46:03.933Z] GET http://localhost:5210/src/components/academy/AcademyFAQ.jsx → pending (?ms, ?B)
[2026-07-21T14:46:03.933Z] GET http://localhost:5210/src/components/academy/AcademyCTA.jsx → pending (?ms, ?B)
[2026-07-21T14:46:03.934Z] GET http://localhost:5210/src/components/alumni/AlumniHero.jsx → pending (?ms, ?B)
[2026-07-21T14:46:03.934Z] GET http://localhost:5210/src/components/alumni/AlumniStats.jsx → pending (?ms, ?B)
[2026-07-21T14:46:03.934Z] GET http://localhost:5210/src/components/alumni/AlumniIntro.jsx → pending (?ms, ?B)
[2026-07-21T14:46:03.934Z] GET http://localhost:5210/src/components/alumni/YoavProgram.jsx → pending (?ms, ?B)
[2026-07-21T14:46:03.934Z] GET http://localhost:5210/src/components/alumni/AlumniCTA.jsx → pending (?ms, ?B)
[2026-07-21T14:46:03.954Z] GET http://localhost:5210/src/components/amir/AmirHero.jsx → pending (?ms, ?B)
[2026-07-21T14:46:03.954Z] GET http://localhost:5210/src/components/amir/AmirIntro.jsx → pending (?ms, ?B)
[2026-07-21T14:46:03.954Z] GET http://localhost:5210/src/components/amir/AmirZones.jsx → pending (?ms, ?B)
[2026-07-21T14:46:03.954Z] GET http://localhost:5210/src/components/amir/AmirContentWorlds.jsx → pending (?ms, ?B)
[2026-07-21T14:46:03.954Z] GET http://localhost:5210/src/components/amir/AmirCTA.jsx → pending (?ms, ?B)
[2026-07-21T14:46:03.998Z] GET http://localhost:5210/src/components/team/TeamHero.jsx → 200 (231ms, 33128B)
[2026-07-21T14:46:03.998Z] GET http://localhost:5210/src/components/team/TeamRoster.jsx → 200 (218ms, 18953B)
[2026-07-21T14:46:03.998Z] GET http://localhost:5210/src/components/team/TeamIntro.jsx → 200 (210ms, 11267B)
[2026-07-21T14:46:03.998Z] GET http://localhost:5210/src/components/team/TeamCoach.jsx → 200 (226ms, 36125B)
[2026-07-21T14:46:03.998Z] GET http://localhost:5210/src/components/team/TeamInstructor.jsx → 200 (224ms, 12638B)
[2026-07-21T14:46:03.998Z] GET http://localhost:5210/src/components/team/TeamHq.jsx → 200 (234ms, 12529B)
[2026-07-21T14:46:03.998Z] GET http://localhost:5210/src/components/team/TeamCTA.jsx → 200 (213ms, 16637B)
[2026-07-21T14:46:04.073Z] GET http://localhost:5210/src/components/hero-concepts/ConceptEditorialSplit.jsx → 200 (146ms, 24513B)
[2026-07-21T14:46:04.073Z] GET http://localhost:5210/src/components/hero-concepts/ConceptOversizedType.jsx → 200 (166ms, 19732B)
[2026-07-21T14:46:04.073Z] GET http://localhost:5210/src/components/hero-concepts/ConceptBentoMosaic.jsx → 200 (170ms, 20523B)
[2026-07-21T14:46:04.073Z] GET http://localhost:5210/src/components/hero-concepts/ConceptSpotlightArena.jsx → 200 (160ms, 20754B)
[2026-07-21T14:46:04.073Z] GET http://localhost:5210/src/components/hero-concepts/ConceptFramedPlate.jsx → 200 (175ms, 21126B)
[2026-07-21T14:46:04.097Z] GET http://localhost:5210/node_modules/.vite/deps/react-dom.js?v=2222e0de → 200 (135ms, 1352B)
[2026-07-21T14:46:04.097Z] GET http://localhost:5210/src/hooks/useAccessibility.js → 200 (136ms, 14197B)
[2026-07-21T14:46:04.097Z] GET http://localhost:5210/src/components/Accessibility/AccessibilityStatement.jsx → 200 (154ms, 26669B)
[2026-07-21T14:46:04.118Z] GET http://localhost:5210/src/data/liabahData.js → 200 (119ms, 132394B)
[2026-07-21T14:46:04.119Z] GET http://localhost:5210/src/components/liabah/shared.jsx → 200 (131ms, 13142B)
[2026-07-21T14:46:04.132Z] GET http://localhost:5210/src/data/israelOutline.js → 200 (108ms, 11265B)
[2026-07-21T14:46:04.163Z] GET http://localhost:5210/src/data/academyData.js → 200 (78ms, 83377B)
[2026-07-21T14:46:04.177Z] GET http://localhost:5210/src/data/alumniData.js → 200 (67ms, 17353B)
[2026-07-21T14:46:04.196Z] GET http://localhost:5210/src/data/amirData.js → 200 (49ms, 26221B)
[2026-07-21T14:46:04.208Z] GET http://localhost:5210/src/data/teamData.js → 200 (38ms, 50598B)
[2026-07-21T14:46:04.265Z] POST https://fqgshlgvwwvwxsytksdn.supabase.co/rest/v1/page_views → 201 (468ms, ?B)
[2026-07-21T14:46:04.289Z] GET http://localhost:5210/src/assets/logo.png → 304 (46ms, ?B)
[2026-07-21T14:46:04.289Z] GET http://localhost:5210/Hero-Pics/214A0011.jpg → 304 (46ms, ?B)
[2026-07-21T14:46:04.292Z] GET http://localhost:5210/logo.png → 304 (44ms, ?B)
[2026-07-21T14:46:04.335Z] GET https://www.youtube.com/embed/jOdf0gJrZug?rel=0&modestbranding=1 → 200 (155ms, 56311B)
[2026-07-21T14:46:04.347Z] GET http://localhost:5210/fonts/rag-marom-2.1.otf → 304 (16ms, ?B)
[2026-07-21T14:46:04.347Z] GET https://open.spotify.com/embed/show/1pkoB14iPwztzO8LXkqGaR?utm_source=generator&theme=0 → 200 (444ms, 4995B)
[2026-07-21T14:46:04.347Z] GET http://localhost:5210/Hero-Pics/214A0027.jpg → 304 (18ms, ?B)
[2026-07-21T14:46:04.362Z] GET http://localhost:5210/Hero-Pics/214A0034.jpg → 304 (3ms, ?B)
[2026-07-21T14:46:04.362Z] GET http://localhost:5210/Hero-Pics/214A0088.jpg → 304 (3ms, ?B)
[2026-07-21T14:46:04.362Z] GET http://localhost:5210/Hero-Pics/214A0114.jpg → 304 (4ms, ?B)
[2026-07-21T14:46:04.362Z] GET http://localhost:5210/Hero-Pics/214A0511.jpg → 304 (5ms, ?B)
[2026-07-21T14:46:04.362Z] GET http://localhost:5210/Hero-Pics/_14A9355.jpg → 304 (5ms, ?B)
[2026-07-21T14:46:04.362Z] GET http://localhost:5210/our_product_pics/core_pic.jpg → 304 (5ms, ?B)
[2026-07-21T14:46:04.362Z] GET http://localhost:5210/our_product_pics/mehina_pic.png → 304 (16ms, ?B)
[2026-07-21T14:46:04.363Z] GET http://localhost:5210/our_product_pics/yoav_pic.jpg → 304 (15ms, ?B)
[2026-07-21T14:46:04.363Z] GET http://localhost:5210/our_product_pics/collab_pic.jpg → 304 (15ms, ?B)
[2026-07-21T14:46:04.494Z] GET https://www.youtube.com/s/player/dfc3d2b2/www-player.css → 200 (12ms, 57378B)
[2026-07-21T14:46:04.494Z] GET https://www.youtube.com/s/_/ytembeds/_/ss/k=ytembeds.base.voLKPuLo35M.L.W.O/am=AAAAgA/d=1/br=1/rs=AGKMywFbOiAirpOGLQLAetGjYdyOjZXjoA/m=root,base → 200 (20ms, 22B)
[2026-07-21T14:46:04.495Z] GET https://fonts.gstatic.com/s/roboto/v48/KFO7CnqEu92Fr1ME7kSn66aGLdTylUAMa3yUBHMdazQ.woff2 → 200 (?ms, -815B)
[2026-07-21T14:46:04.514Z] GET https://www.youtube.com/s/_/ytembeds/_/js/k=ytembeds.base.en_US.ODfFrMosPCQ.es5.O/am=AAAAgA/d=1/excm=base,root/br=1/rs=AGKMywFu4ZW9pRIW_XDhf8ZIbFxql1q7kw/m=root,base → 200 (38ms, 169383B)
[2026-07-21T14:46:04.514Z] GET https://www.youtube.com/s/player/dfc3d2b2/player_embed.vflset/en_US/base.js → 200 (?ms, -690B)
[2026-07-21T14:46:04.578Z] GET https://googleads.g.doubleclick.net/pagead/id → 302 (131ms, ?B)
[2026-07-21T14:46:04.578Z] GET https://static.doubleclick.net/instream/ad_status.js → 200 (102ms, 495B)
[2026-07-21T14:46:04.578Z] GET https://www.youtube.com/s/_/ytembeds/_/js/k=ytembeds.base.en_US.ODfFrMosPCQ.es5.O/ck=ytembeds.base.voLKPuLo35M.L.W.O/am=AAAAgA/d=1/exm=base,root/excm=base,root/ed=1/br=1/rs=AGKMywEWcLUfQi49tTazVU5JOJTK_YxkBQ/m=r78Drb → 200 (41ms, 257311B)
[2026-07-21T14:46:04.662Z] GET https://i.ytimg.com/vi/jOdf0gJrZug/maxresdefault.jpg?sqp=-oaymwEmCIAKENAF8quKqQMa8AEB-AH-CYAC0AWKAgwIABABGGUgRyg_MA8=&rs=AOn4CLCX5X3fHDrVH7_vKvVE1xdRrSYc_Q → 200 (228ms, 28394B)
[2026-07-21T14:46:04.665Z] GET https://yt3.ggpht.com/_tWmyW71SI5j7yNXi4qb6wW_3DOzOEI9vnJ94tfgA5MUizLAMw3aqFWvAySo6MYPIhTuoJqCNag=s68-c-k-c0x00ffffff-no-rj → 200 (98ms, 4079B)
[2026-07-21T14:46:04.710Z] GET https://googleads.g.doubleclick.net/pagead/id?slf_rd=1 → 200 (75ms, 146B)
[2026-07-21T14:46:04.797Z] GET https://embed-cdn.spotifycdn.com/_next/static/css/ae20dae031358b14.css → 200 (191ms, ?B)
[2026-07-21T14:46:04.797Z] GET https://embed-cdn.spotifycdn.com/_next/static/css/6bff6d40db68084e.css → 200 (159ms, 6616B)
[2026-07-21T14:46:04.797Z] GET https://embed-cdn.spotifycdn.com/_next/static/css/ba597db3e11d31f9.css → 200 (151ms, 3219B)
[2026-07-21T14:46:04.797Z] GET https://embed-cdn.spotifycdn.com/_next/static/css/14065715fb0eddf9.css → 200 (152ms, 3464B)
[2026-07-21T14:46:04.797Z] GET https://embed-cdn.spotifycdn.com/_next/static/chunks/webpack-6a3671b087bf9720.js → 200 (152ms, 3520B)
[2026-07-21T14:46:04.797Z] GET https://embed-cdn.spotifycdn.com/_next/static/chunks/framework-d51967e8c8e13641.js → 200 (169ms, 60361B)
[2026-07-21T14:46:04.798Z] GET https://embed-cdn.spotifycdn.com/_next/static/chunks/main-9182335c5e433871.js → 200 (195ms, ?B)
[2026-07-21T14:46:04.798Z] GET https://embed-cdn.spotifycdn.com/_next/static/chunks/pages/_app-49b3d52602b860d4.js → pending (?ms, ?B)
[2026-07-21T14:46:04.798Z] GET https://embed-cdn.spotifycdn.com/_next/static/chunks/c4f29680-2a3aca87bc667b85.js → pending (?ms, ?B)
[2026-07-21T14:46:04.798Z] GET https://embed-cdn.spotifycdn.com/_next/static/chunks/1df930d7-c3c84ee0b3e2843b.js → 200 (167ms, 1801B)
[2026-07-21T14:46:04.798Z] GET https://embed-cdn.spotifycdn.com/_next/static/chunks/8494-e90532fa0601445c.js → 200 (169ms, 4229B)
[2026-07-21T14:46:04.798Z] GET https://embed-cdn.spotifycdn.com/_next/static/chunks/7740-c6dbc536b0bb3d7c.js → pending (?ms, ?B)
[2026-07-21T14:46:04.798Z] GET https://embed-cdn.spotifycdn.com/_next/static/chunks/5542-5a715e9a1ee7e4d0.js → 200 (194ms, 40136B)
[2026-07-21T14:46:04.798Z] GET https://embed-cdn.spotifycdn.com/_next/static/chunks/258-80c3af4cd9a5945e.js → 200 (168ms, 5599B)
[2026-07-21T14:46:04.798Z] GET https://embed-cdn.spotifycdn.com/_next/static/chunks/pages/show/%5Bid%5D-c980d7a171516ee5.js → 200 (168ms, 5958B)
[2026-07-21T14:46:04.798Z] GET https://embed-cdn.spotifycdn.com/_next/static/79fbe8be-53f1-499a-9001-94732956fcd2/_buildManifest.js → 200 (176ms, 1414B)
[2026-07-21T14:46:04.798Z] GET https://embed-cdn.spotifycdn.com/_next/static/79fbe8be-53f1-499a-9001-94732956fcd2/_ssgManifest.js → 200 (168ms, 405B)
[2026-07-21T14:46:04.798Z] GET https://image-cdn-fa.spotifycdn.com/image/ab67656300005f1f406cc242663e48837f0c9fe3 → pending (?ms, ?B)
[2026-07-21T14:46:05.013Z] GET https://encore.scdn.co/fonts/SpotifyMixUI-Bold-09c45a3a0ce9d2971e62cb26e97760fb.woff2 → 200 (125ms, 47822B)
[2026-07-21T14:46:05.013Z] GET https://encore.scdn.co/fonts/SpotifyMixUI-Regular-76c92fb1a35c462f73429fa8865163eb.woff2 → 200 (127ms, 44741B)
[2026-07-21T14:46:05.013Z] GET https://encore.scdn.co/fonts/SpotifyMixUITitle-Bold-2c79abf9c6697da8b2bf5af3f11e6913.woff2 → 200 (125ms, 53402B)
[2026-07-21T14:46:05.013Z] GET https://encore.scdn.co/fonts/CircularSp-Hebr-Book-bd691543176c385b089f6986ddf58c5f.woff2 → 200 (127ms, 12939B)
[2026-07-21T14:46:05.050Z] GET blob:https://open.spotify.com/6fda57f1-02a7-46ec-a18b-8e17b0c79410 → 200 (94ms, -59B)
[2026-07-21T14:46:05.062Z] POST https://o22381.ingest.us.sentry.io/api/4505164808585216/envelope/?sentry_version=7&sentry_key=4cc707ab12ea4779b417479c0550a5cb&sentry_client=sentry.javascript.nextjs%2F10.45.0 → 200 (125ms, 56B)
[2026-07-21T14:46:05.110Z] POST https://o22381.ingest.us.sentry.io/api/4505164808585216/envelope/?sentry_version=7&sentry_key=4cc707ab12ea4779b417479c0550a5cb&sentry_client=sentry.javascript.nextjs%2F10.45.0 → 200 (77ms, 56B)
[2026-07-21T14:46:05.110Z] POST https://o22381.ingest.us.sentry.io/api/4505164808585216/envelope/?sentry_version=7&sentry_key=4cc707ab12ea4779b417479c0550a5cb&sentry_client=sentry.javascript.nextjs%2F10.45.0 → 200 (31ms, 56B)
[2026-07-21T14:46:05.117Z] GET https://www.google.com/js/th/3vS4MzNmk5bpUZkAbQkUNnMBJb7mHJQeUuR4lw-z7K0.js → 200 (119ms, 24441B)
[2026-07-21T14:46:05.138Z] GET https://apresolve.spotify.com/?type=dealer-g2&type=spclient → 200 (299ms, 175B)
[2026-07-21T14:46:05.145Z] GET https://embed-cdn.spotifycdn.com/_next/static/chunks/5039.440e19fa157cd73b.js → 200 (15ms, 11888B)
[2026-07-21T14:46:05.145Z] GET https://embed-cdn.spotifycdn.com/_next/static/chunks/755.f2e02398e565c27c.js → 200 (13ms, 1113B)
[2026-07-21T14:46:05.145Z] GET https://apresolve.spotify.com/?type=dealer-g2&type=spclient → 200 (154ms, 337B)
[2026-07-21T14:46:05.185Z] GET https://embed-cdn.spotifycdn.com/_next/static/chunks/da236039.201ee8665d02be31.js → 200 (9ms, 16821B)
[2026-07-21T14:46:05.185Z] GET https://embed-cdn.spotifycdn.com/_next/static/chunks/8272.1d3ae19608cd6071.js → 200 (34ms, 88332B)
[2026-07-21T14:46:05.185Z] GET https://embed-cdn.spotifycdn.com/_next/static/chunks/spotify_player_o.7f82139c1652bcc2.js → 200 (3ms, 4703B)
[2026-07-21T14:46:05.279Z] GET https://www.youtube.com/generate_204?kUFK-A → 204 (14ms, 10B)
[2026-07-21T14:46:05.293Z] POST https://jnn-pa.googleapis.com/$rpc/google.internal.waa.v1.Waa/GenerateIT → 200 (248ms, 312B)
[2026-07-21T14:46:05.443Z] POST https://gew1-spclient.spotify.com/gabo-receiver-service/public/v3/events → 200 (77ms, 32B)
[2026-07-21T14:46:05.521Z] POST https://gew1-spclient.spotify.com/gabo-receiver-service/public/v3/events → 200 (163ms, 164B)
[2026-07-21T14:46:07.545Z] POST https://www.youtube.com/youtubei/v1/log_event?alt=json → 200 (139ms, 50B)
[2026-07-21T14:46:09.131Z] POST https://gew1-spclient.spotify.com/gabo-receiver-service/public/v3/events → 200 (216ms, 32B)
[2026-07-21T14:46:09.132Z] POST https://gew1-spclient.spotify.com/gabo-receiver-service/public/v3/events → 200 (164ms, 32B)
[2026-07-21T14:46:20.431Z] GET http://localhost:5210/ → 200 (4ms, ?B)
[2026-07-21T14:46:20.432Z] POST https://www.youtube.com/youtubei/v1/log_event?alt=json → pending (?ms, ?B)
[2026-07-21T14:46:20.432Z] POST https://gew1-spclient.spotify.com/gabo-receiver-service/public/v3/events → pending (?ms, ?B)
[2026-07-21T14:46:20.432Z] GET https://apresolve.spotify.com/?type=dealer-g2&type=spclient → pending (?ms, ?B)
[2026-07-21T14:46:20.446Z] POST https://www.youtube.com/api/stats/atr?ns=yt&el=embedded&cpn=QiVOpbRbhMFNRIAD&ver=2&cmt=0&fs=0&rt=15.849&euri=http%3A%2F%2Flocalhost%3A5210%2F&lact=15861&cl=948671898&mos=0&volume=100&cbrand=apple&cbr=HeadlessChrome&cbrver=145.0.7632.6&c=WEB_EMBEDDED_PLAYER&cver=2.20260720.01.00&cplayer=UNIPLAYER&cos=Macintosh&cosver=10_15_7&cplatform=DESKTOP&epm=1&hl=en_US&cr=IL&len=118&fexp=v1%2C24004644%2C494889%2C26564110%2C34656%2C124674%2C117689%2C9252%2C3479%2C13030%2C23206%2C35404%2C65298%2C2878%2C12227%2C25059%2C4174%2C30447%2C18705%2C21437%2C4571%2C5239%2C7777%2C11421%2C4666%2C9404%2C23826%2C9500%2C1840%2C45716%2C13159%2C452%2C30489%2C5021%2C9970%2C10619%2C4199%2C458%2C25386%2C4270%2C9181%2C15416%2C82%2C2771%2C14605%2C12584%2C7524%2C366%2C5667%2C1168%2C372%2C7758%2C16452%2C173%2C8868%2C3475%2C5353%2C1900%2C7966%2C1596%2C927%2C2249%2C115%2C158%2C6417%2C1700%2C3692%2C11591%2C1350%2C110%2C756%2C22968%2C1%2C3970%2C588%2C817%2C10%2C2199%2C446%2C5905%2C846%2C884%2C1311%2C666%2C619%2C285%2C653%2C2%2C7891%2C1295%2C2665%2C524%2C3099%2C1832%2C2625%2C4%2C2%2C8813%2C7314%2C318%2C1454%2C4314%2C1584%2C4435%2C782&muted=0&docid=jOdf0gJrZug → pending (?ms, ?B)
[2026-07-21T14:46:20.448Z] POST https://www.youtube.com/youtubei/v1/log_event?alt=json → pending (?ms, ?B)
[2026-07-21T14:46:20.448Z] POST https://o22381.ingest.us.sentry.io/api/4505164808585216/envelope/?sentry_version=7&sentry_key=4cc707ab12ea4779b417479c0550a5cb&sentry_client=sentry.javascript.nextjs%2F10.45.0 → pending (?ms, ?B)
[2026-07-21T14:46:20.448Z] GET http://localhost:5210/@vite/client → 200 (3ms, ?B)
[2026-07-21T14:46:20.448Z] GET https://fonts.googleapis.com/css2?family=Frank+Ruhl+Libre:wght@300;400;500;700;900&family=Heebo:wght@300;400;500;600;700;800;900&family=Inter:wght@400;500;600;700;800;900&family=JetBrains+Mono:wght@400;500&display=swap → 200 (?ms, -743B)
[2026-07-21T14:46:20.448Z] GET http://localhost:5210/src/main.jsx → 200 (2ms, ?B)
[2026-07-21T14:46:20.448Z] GET http://localhost:5210/@react-refresh → 200 (3ms, ?B)
[2026-07-21T14:46:20.450Z] GET http://localhost:5210/node_modules/.vite/deps/react_jsx-dev-runtime.js?v=2222e0de → 200 (2ms, -263B)
[2026-07-21T14:46:20.450Z] GET http://localhost:5210/node_modules/.vite/deps/react.js?v=2222e0de → 200 (3ms, -260B)
[2026-07-21T14:46:20.450Z] GET http://localhost:5210/node_modules/.vite/deps/react-dom_client.js?v=2222e0de → 200 (30ms, -266B)
[2026-07-21T14:46:20.450Z] GET http://localhost:5210/src/index.css → 200 (9ms, ?B)
[2026-07-21T14:46:20.450Z] GET http://localhost:5210/src/App.jsx → 200 (9ms, ?B)
[2026-07-21T14:46:20.450Z] GET http://localhost:5210/src/HeroShowcase.jsx → 200 (18ms, ?B)
[2026-07-21T14:46:20.450Z] GET http://localhost:5210/src/DesignShowcase.jsx → 200 (18ms, ?B)
[2026-07-21T14:46:20.450Z] GET http://localhost:5210/src/CollabsHeroShowcase.jsx → 200 (20ms, ?B)
[2026-07-21T14:46:20.450Z] GET http://localhost:5210/src/lib/smoothScroll.js → 200 (20ms, ?B)
[2026-07-21T14:46:20.450Z] GET http://localhost:5210/src/lib/analytics.js → 200 (12ms, ?B)
[2026-07-21T14:46:20.451Z] GET http://localhost:5210/node_modules/vite/dist/client/env.mjs → 200 (16ms, ?B)
[2026-07-21T14:46:20.452Z] GET http://localhost:5210/node_modules/.vite/deps/chunk-YI4H6FPL.js?v=2222e0de → 200 (3ms, -263B)
[2026-07-21T14:46:20.452Z] GET http://localhost:5210/node_modules/.vite/deps/chunk-DC5AMYBS.js?v=2222e0de → 200 (3ms, -261B)
[2026-07-21T14:46:20.460Z] GET http://localhost:5210/src/components/Navbar.jsx → 200 (11ms, ?B)
[2026-07-21T14:46:20.460Z] GET http://localhost:5210/src/components/Hero.jsx → 200 (13ms, ?B)
[2026-07-21T14:46:20.460Z] GET http://localhost:5210/src/components/WhoWeAre.jsx → 200 (13ms, ?B)
[2026-07-21T14:46:20.460Z] GET http://localhost:5210/src/components/WhatWeBelieve.jsx → 200 (14ms, ?B)
[2026-07-21T14:46:20.460Z] GET http://localhost:5210/src/components/ManInArena.jsx → 200 (14ms, ?B)
[2026-07-21T14:46:20.460Z] GET http://localhost:5210/src/components/Programs.jsx → 200 (14ms, ?B)
[2026-07-21T14:46:20.460Z] GET http://localhost:5210/src/components/FiveContent.jsx → 200 (14ms, ?B)
[2026-07-21T14:46:20.461Z] GET http://localhost:5210/src/components/Footer.jsx → 200 (18ms, ?B)
[2026-07-21T14:46:20.461Z] GET http://localhost:5210/src/components/ContactModal.jsx → 200 (24ms, ?B)
[2026-07-21T14:46:20.461Z] GET http://localhost:5210/src/components/Accessibility/AccessibilityWidget.jsx → 200 (20ms, ?B)
[2026-07-21T14:46:20.461Z] GET http://localhost:5210/src/pages/LiabahPage.jsx → 200 (20ms, ?B)
[2026-07-21T14:46:20.461Z] GET http://localhost:5210/src/pages/AcademyPage.jsx → 200 (22ms, ?B)
[2026-07-21T14:46:20.461Z] GET http://localhost:5210/src/pages/CollaborationsPage.jsx → 200 (24ms, ?B)
[2026-07-21T14:46:20.462Z] GET http://localhost:5210/src/pages/AmirPage.jsx → 200 (24ms, ?B)
[2026-07-21T14:46:20.462Z] GET http://localhost:5210/src/pages/AlumniPage.jsx → 200 (26ms, ?B)
[2026-07-21T14:46:20.462Z] GET http://localhost:5210/src/pages/TeamPage.jsx → 200 (26ms, ?B)
[2026-07-21T14:46:20.462Z] GET http://localhost:5210/src/HeroConcepts.jsx → 200 (26ms, ?B)
[2026-07-21T14:46:20.462Z] GET http://localhost:5210/src/data/contact.js → 200 (26ms, ?B)
[2026-07-21T14:46:20.463Z] GET https://fonts.gstatic.com/s/heebo/v28/NGS6v5_NC0k9P9H0TbFhsqMA6aw.woff2 → 200 (?ms, -815B)
[2026-07-21T14:46:20.463Z] GET https://fonts.gstatic.com/s/heebo/v28/NGS6v5_NC0k9P9GKTbFhsqMA6aw.woff2 → 200 (?ms, -815B)
[2026-07-21T14:46:20.464Z] GET https://fonts.gstatic.com/s/heebo/v28/NGS6v5_NC0k9P9GYTbFhsqMA6aw.woff2 → 200 (?ms, -815B)
[2026-07-21T14:46:20.464Z] GET https://fonts.gstatic.com/s/heebo/v28/NGS6v5_NC0k9P9H2TbFhsqMA.woff2 → 200 (?ms, -815B)
[2026-07-21T14:46:20.465Z] GET https://fonts.gstatic.com/s/inter/v20/UcC73FwrK3iLTeHuS_nVMrMxCp50SjIa1ZL7W0Q5nw.woff2 → 200 (?ms, -815B)
[2026-07-21T14:46:20.465Z] GET https://fonts.gstatic.com/s/jetbrainsmono/v24/tDbv2o-flEEny0FZhsfKu5WU4zr3E_BX0PnT8RD8yKwBNntkaToggR7BYRbKPxDcwgknk-4.woff2 → 200 (?ms, -815B)
[2026-07-21T14:46:20.468Z] GET http://localhost:5210/src/variants/VariantA.jsx → 200 (21ms, ?B)
[2026-07-21T14:46:20.468Z] GET http://localhost:5210/src/variants/VariantB.jsx → 200 (21ms, ?B)
[2026-07-21T14:46:20.470Z] GET http://localhost:5210/src/variants/VariantC.jsx → 200 (19ms, ?B)
[2026-07-21T14:46:20.470Z] GET http://localhost:5210/src/variants/VariantD.jsx → 200 (19ms, ?B)
[2026-07-21T14:46:20.470Z] GET http://localhost:5210/src/components/showcase/HeroV1Monument.jsx → 200 (19ms, ?B)
[2026-07-21T14:46:20.471Z] GET http://localhost:5210/src/components/showcase/HeroV2Arena.jsx → 200 (18ms, ?B)
[2026-07-21T14:46:20.471Z] GET http://localhost:5210/src/components/showcase/HeroV3Fingers.jsx → 200 (18ms, ?B)
[2026-07-21T14:46:20.471Z] GET http://localhost:5210/src/components/showcase/HeroV4Manifesto.jsx → 200 (18ms, ?B)
[2026-07-21T14:46:20.472Z] GET http://localhost:5210/src/components/collabs/hero-versions/HeroCorporateSplit.jsx → 200 (17ms, ?B)
[2026-07-21T14:46:20.472Z] GET http://localhost:5210/src/components/collabs/hero-versions/HeroDataBoardroom.jsx → 200 (17ms, ?B)
[2026-07-21T14:46:20.472Z] GET http://localhost:5210/src/components/collabs/hero-versions/HeroEditorialLedger.jsx → 200 (18ms, ?B)
[2026-07-21T14:46:20.472Z] GET http://localhost:5210/src/components/collabs/hero-versions/HeroCapabilityBento.jsx → 200 (18ms, ?B)
[2026-07-21T14:46:20.472Z] GET http://localhost:5210/node_modules/.vite/deps/@studio-freight_lenis.js?v=2222e0de → 200 (13ms, -263B)
[2026-07-21T14:46:20.472Z] GET http://localhost:5210/node_modules/.vite/deps/gsap.js?v=2222e0de → 200 (16ms, -265B)
[2026-07-21T14:46:20.472Z] GET http://localhost:5210/node_modules/.vite/deps/gsap_ScrollTrigger.js?v=2222e0de → 200 (15ms, -265B)
[2026-07-21T14:46:20.472Z] GET http://localhost:5210/node_modules/.vite/deps/lucide-react.js?v=2222e0de → 200 (19ms, -265B)
[2026-07-21T14:46:20.472Z] GET http://localhost:5210/src/assets/logo.png?import → 200 (18ms, ?B)
[2026-07-21T14:46:20.473Z] GET http://localhost:5210/src/components/ui/Button.jsx → 200 (17ms, ?B)
[2026-07-21T14:46:20.473Z] GET http://localhost:5210/src/hooks/useReveal.js → 200 (17ms, ?B)
[2026-07-21T14:46:20.473Z] GET http://localhost:5210/src/hooks/useCountUp.js → 200 (17ms, ?B)
[2026-07-21T14:46:20.480Z] GET http://localhost:5210/node_modules/.vite/deps/chunk-42BTM2VB.js?v=2222e0de → 200 (8ms, -263B)
[2026-07-21T14:46:20.481Z] GET http://localhost:5210/node_modules/.vite/deps/react-dom.js?v=2222e0de → 200 (?ms, -308B)
[2026-07-21T14:46:20.482Z] GET http://localhost:5210/src/hooks/useAccessibility.js → 200 (8ms, ?B)
[2026-07-21T14:46:20.482Z] GET http://localhost:5210/src/components/Accessibility/AccessibilityStatement.jsx → 200 (9ms, ?B)
[2026-07-21T14:46:20.482Z] GET http://localhost:5210/src/components/SoftDivider.jsx → 200 (8ms, ?B)
[2026-07-21T14:46:20.482Z] GET http://localhost:5210/src/components/liabah/LiabahHero.jsx → 200 (8ms, ?B)
[2026-07-21T14:46:20.482Z] GET http://localhost:5210/src/components/liabah/LiabahEssence.jsx → 200 (8ms, ?B)
[2026-07-21T14:46:20.482Z] GET http://localhost:5210/src/components/liabah/LiabahPrograms.jsx → 200 (9ms, ?B)
[2026-07-21T14:46:20.482Z] GET http://localhost:5210/src/components/liabah/LiabahCoaches.jsx → 200 (9ms, ?B)
[2026-07-21T14:46:20.483Z] GET http://localhost:5210/src/components/liabah/LiabahMap.jsx → 200 (8ms, ?B)
[2026-07-21T14:46:20.483Z] GET http://localhost:5210/src/components/liabah/LiabahGallery.jsx → 200 (8ms, ?B)
[2026-07-21T14:46:20.483Z] GET http://localhost:5210/src/components/liabah/LiabahFAQ.jsx → 200 (8ms, ?B)
[2026-07-21T14:46:20.483Z] GET http://localhost:5210/src/components/liabah/LiabahCTA.jsx → 200 (8ms, ?B)
[2026-07-21T14:46:20.483Z] GET http://localhost:5210/src/components/academy/AcademyHero.jsx → 200 (8ms, ?B)
[2026-07-21T14:46:20.484Z] GET http://localhost:5210/src/components/academy/AcademyManifesto.jsx → 200 (7ms, ?B)
[2026-07-21T14:46:20.484Z] GET http://localhost:5210/src/components/academy/AcademyAxes.jsx → 200 (7ms, ?B)
[2026-07-21T14:46:20.484Z] GET http://localhost:5210/src/components/academy/AcademyPrograms.jsx → 200 (8ms, ?B)
[2026-07-21T14:46:20.484Z] GET http://localhost:5210/src/components/academy/AcademyImpact.jsx → 200 (8ms, ?B)
[2026-07-21T14:46:20.484Z] GET http://localhost:5210/src/components/academy/AcademyJourney.jsx → 200 (8ms, ?B)
[2026-07-21T14:46:20.484Z] GET http://localhost:5210/src/components/academy/AcademyAdmissions.jsx → 200 (8ms, ?B)
[2026-07-21T14:46:20.484Z] GET http://localhost:5210/src/components/academy/AcademyTestimonials.jsx → 200 (8ms, ?B)
[2026-07-21T14:46:20.485Z] GET http://localhost:5210/src/components/academy/AcademyGallery.jsx → 200 (7ms, ?B)
[2026-07-21T14:46:20.485Z] GET http://localhost:5210/src/components/academy/AcademyFAQ.jsx → 200 (7ms, ?B)
[2026-07-21T14:46:20.485Z] GET http://localhost:5210/src/components/academy/AcademyCTA.jsx → 200 (7ms, ?B)
[2026-07-21T14:46:20.485Z] GET http://localhost:5210/src/components/collabs/CollabsStats.jsx → 200 (7ms, ?B)
[2026-07-21T14:46:20.485Z] GET http://localhost:5210/src/components/collabs/CollabsIntro.jsx → 200 (7ms, ?B)
[2026-07-21T14:46:20.485Z] GET http://localhost:5210/src/components/collabs/CollabsProcess.jsx → 200 (7ms, ?B)
[2026-07-21T14:46:20.485Z] GET http://localhost:5210/src/components/collabs/CollabsContentWorlds.jsx → 200 (8ms, ?B)
[2026-07-21T14:46:20.486Z] GET http://localhost:5210/src/components/collabs/CollabsFormats.jsx → 200 (7ms, ?B)
[2026-07-21T14:46:20.486Z] GET http://localhost:5210/src/components/collabs/CollabsTeam.jsx → 200 (6ms, ?B)
[2026-07-21T14:46:20.486Z] GET http://localhost:5210/src/components/collabs/CollabsPartners.jsx → 200 (6ms, ?B)
[2026-07-21T14:46:20.486Z] GET http://localhost:5210/src/components/collabs/CollabsCTA.jsx → 200 (7ms, ?B)
[2026-07-21T14:46:20.487Z] GET http://localhost:5210/src/components/amir/AmirHero.jsx → 200 (6ms, ?B)
[2026-07-21T14:46:20.487Z] GET http://localhost:5210/src/components/amir/AmirIntro.jsx → 200 (6ms, ?B)
[2026-07-21T14:46:20.487Z] GET http://localhost:5210/src/components/amir/AmirZones.jsx → 200 (6ms, ?B)
[2026-07-21T14:46:20.487Z] GET http://localhost:5210/src/components/amir/AmirContentWorlds.jsx → 200 (6ms, ?B)
[2026-07-21T14:46:20.487Z] GET http://localhost:5210/src/components/amir/AmirCTA.jsx → 200 (6ms, ?B)
[2026-07-21T14:46:20.488Z] GET http://localhost:5210/src/components/alumni/AlumniHero.jsx → 200 (5ms, ?B)
[2026-07-21T14:46:20.488Z] GET http://localhost:5210/src/components/alumni/AlumniStats.jsx → 200 (5ms, ?B)
[2026-07-21T14:46:20.488Z] GET http://localhost:5210/src/components/alumni/AlumniIntro.jsx → 200 (6ms, ?B)
[2026-07-21T14:46:20.488Z] GET http://localhost:5210/src/components/alumni/YoavProgram.jsx → 200 (6ms, ?B)
[2026-07-21T14:46:20.488Z] GET http://localhost:5210/src/components/alumni/AlumniCTA.jsx → 200 (6ms, ?B)
[2026-07-21T14:46:20.488Z] GET http://localhost:5210/src/components/team/TeamHero.jsx → 200 (7ms, ?B)
[2026-07-21T14:46:20.488Z] GET http://localhost:5210/src/components/team/TeamRoster.jsx → 200 (7ms, ?B)
[2026-07-21T14:46:20.488Z] GET http://localhost:5210/src/components/team/TeamIntro.jsx → 200 (16ms, ?B)
[2026-07-21T14:46:20.488Z] GET http://localhost:5210/src/components/team/TeamCoach.jsx → 200 (16ms, ?B)
[2026-07-21T14:46:20.488Z] GET http://localhost:5210/src/components/team/TeamInstructor.jsx → 200 (17ms, ?B)
[2026-07-21T14:46:20.488Z] GET http://localhost:5210/src/components/team/TeamHq.jsx → 200 (17ms, ?B)
[2026-07-21T14:46:20.488Z] GET http://localhost:5210/src/components/team/TeamCTA.jsx → 200 (17ms, ?B)
[2026-07-21T14:46:20.488Z] GET http://localhost:5210/src/components/hero-concepts/ConceptEditorialSplit.jsx → 200 (17ms, ?B)
[2026-07-21T14:46:20.488Z] GET http://localhost:5210/src/components/hero-concepts/ConceptOversizedType.jsx → 200 (17ms, ?B)
[2026-07-21T14:46:20.488Z] GET http://localhost:5210/src/components/hero-concepts/ConceptBentoMosaic.jsx → 200 (17ms, ?B)
[2026-07-21T14:46:20.488Z] GET http://localhost:5210/src/components/hero-concepts/ConceptSpotlightArena.jsx → 200 (17ms, ?B)
[2026-07-21T14:46:20.488Z] GET http://localhost:5210/src/components/hero-concepts/ConceptFramedPlate.jsx → 200 (17ms, ?B)
[2026-07-21T14:46:20.489Z] GET http://localhost:5210/src/hooks/usePrefersReducedMotion.js → 200 (17ms, ?B)
[2026-07-21T14:46:20.489Z] GET http://localhost:5210/src/components/academy/shared.jsx → 200 (17ms, ?B)
[2026-07-21T14:46:20.489Z] GET http://localhost:5210/src/components/collabs/hero-versions/heroShared.js → 200 (17ms, ?B)
[2026-07-21T14:46:20.490Z] GET http://localhost:5210/src/data/liabahData.js → 200 (16ms, ?B)
[2026-07-21T14:46:20.490Z] GET http://localhost:5210/src/components/liabah/shared.jsx → 200 (16ms, ?B)
[2026-07-21T14:46:20.491Z] GET http://localhost:5210/src/data/israelOutline.js → 200 (15ms, ?B)
[2026-07-21T14:46:20.491Z] GET http://localhost:5210/src/data/academyData.js → 200 (15ms, ?B)
[2026-07-21T14:46:20.493Z] GET http://localhost:5210/src/data/amirData.js → 200 (13ms, ?B)
[2026-07-21T14:46:20.493Z] GET http://localhost:5210/src/data/alumniData.js → 200 (13ms, ?B)
[2026-07-21T14:46:20.495Z] GET http://localhost:5210/src/data/teamData.js → 200 (11ms, ?B)
[2026-07-21T14:46:20.507Z] POST https://fqgshlgvwwvwxsytksdn.supabase.co/rest/v1/page_views → 201 (76ms, ?B)
[2026-07-21T14:46:20.518Z] GET http://localhost:5210/src/assets/logo.png → 304 (1ms, ?B)
[2026-07-21T14:46:20.518Z] GET http://localhost:5210/Hero-Pics/214A0011.jpg → 304 (1ms, ?B)
[2026-07-21T14:46:20.518Z] GET http://localhost:5210/logo.png → 304 (1ms, ?B)
[2026-07-21T14:46:20.519Z] GET https://www.youtube.com/embed/jOdf0gJrZug?rel=0&modestbranding=1 → 200 (303ms, ?B)
[2026-07-21T14:46:20.535Z] GET http://localhost:5210/fonts/rag-marom-2.1.otf → 304 (2ms, ?B)
[2026-07-21T14:46:20.536Z] GET http://localhost:5210/Hero-Pics/214A0027.jpg → 304 (21ms, ?B)
[2026-07-21T14:46:20.536Z] GET http://localhost:5210/Hero-Pics/214A0034.jpg → 304 (21ms, ?B)
[2026-07-21T14:46:20.536Z] GET http://localhost:5210/Hero-Pics/214A0088.jpg → 304 (21ms, ?B)
[2026-07-21T14:46:20.536Z] GET http://localhost:5210/Hero-Pics/214A0114.jpg → 304 (21ms, ?B)
[2026-07-21T14:46:20.536Z] GET http://localhost:5210/Hero-Pics/214A0511.jpg → 304 (22ms, ?B)
[2026-07-21T14:46:20.536Z] GET http://localhost:5210/Hero-Pics/_14A9355.jpg → 304 (22ms, ?B)
[2026-07-21T14:46:20.641Z] GET https://open.spotify.com/embed/show/1pkoB14iPwztzO8LXkqGaR?utm_source=generator&theme=0 → 200 (266ms, 4331B)
[2026-07-21T14:46:20.641Z] GET http://localhost:5210/our_product_pics/core_pic.jpg → 304 (3ms, ?B)
[2026-07-21T14:46:20.641Z] GET http://localhost:5210/our_product_pics/mehina_pic.png → 304 (10ms, ?B)
[2026-07-21T14:46:20.642Z] GET http://localhost:5210/our_product_pics/yoav_pic.jpg → 304 (9ms, ?B)
[2026-07-21T14:46:20.642Z] GET http://localhost:5210/our_product_pics/collab_pic.jpg → 304 (10ms, ?B)
[2026-07-21T14:46:20.712Z] GET https://ynet-pic1.yit.co.il/picserver6/crop_images/2024/11/21/B1HUEGs2fke/B1HUEGs2fke_0_0_1080_1080_0_large.jpg → 200 (185ms, 42718B)
[2026-07-21T14:46:20.822Z] GET https://www.youtube.com/s/player/dfc3d2b2/www-player.css → 200 (1ms, -682B)
[2026-07-21T14:46:20.823Z] GET https://www.youtube.com/s/_/ytembeds/_/ss/k=ytembeds.base.voLKPuLo35M.L.W.O/am=AAAAgA/d=1/br=1/rs=AGKMywFbOiAirpOGLQLAetGjYdyOjZXjoA/m=root,base → 200 (?ms, -858B)
[2026-07-21T14:46:20.823Z] GET https://fonts.gstatic.com/s/roboto/v48/KFO7CnqEu92Fr1ME7kSn66aGLdTylUAMa3yUBHMdazQ.woff2 → 200 (1ms, -815B)
[2026-07-21T14:46:20.911Z] GET https://embed-cdn.spotifycdn.com/_next/static/css/ae20dae031358b14.css → 200 (?ms, -601B)
[2026-07-21T14:46:20.912Z] GET https://embed-cdn.spotifycdn.com/_next/static/css/6bff6d40db68084e.css → 200 (?ms, -600B)
[2026-07-21T14:46:20.912Z] GET https://embed-cdn.spotifycdn.com/_next/static/css/ba597db3e11d31f9.css → 200 (?ms, -600B)
[2026-07-21T14:46:20.913Z] GET https://embed-cdn.spotifycdn.com/_next/static/css/14065715fb0eddf9.css → 200 (?ms, -600B)
[2026-07-21T14:46:20.913Z] GET https://embed-cdn.spotifycdn.com/_next/static/chunks/webpack-6a3671b087bf9720.js → 200 (?ms, -607B)
[2026-07-21T14:46:20.913Z] GET https://embed-cdn.spotifycdn.com/_next/static/chunks/framework-d51967e8c8e13641.js → 200 (?ms, -585B)
[2026-07-21T14:46:20.913Z] GET https://embed-cdn.spotifycdn.com/_next/static/chunks/main-9182335c5e433871.js → 200 (?ms, -608B)
[2026-07-21T14:46:20.913Z] GET https://embed-cdn.spotifycdn.com/_next/static/chunks/pages/_app-49b3d52602b860d4.js → 200 (1ms, -585B)
[2026-07-21T14:46:20.914Z] GET https://embed-cdn.spotifycdn.com/_next/static/chunks/c4f29680-2a3aca87bc667b85.js → 200 (?ms, -585B)
[2026-07-21T14:46:20.914Z] GET https://embed-cdn.spotifycdn.com/_next/static/chunks/1df930d7-c3c84ee0b3e2843b.js → 200 (?ms, -607B)
[2026-07-21T14:46:20.914Z] GET https://embed-cdn.spotifycdn.com/_next/static/chunks/8494-e90532fa0601445c.js → 200 (?ms, -607B)
[2026-07-21T14:46:20.914Z] GET https://embed-cdn.spotifycdn.com/_next/static/chunks/7740-c6dbc536b0bb3d7c.js → 200 (?ms, -585B)
[2026-07-21T14:46:20.914Z] GET https://embed-cdn.spotifycdn.com/_next/static/chunks/5542-5a715e9a1ee7e4d0.js → 200 (?ms, -608B)
[2026-07-21T14:46:20.914Z] GET https://embed-cdn.spotifycdn.com/_next/static/chunks/258-80c3af4cd9a5945e.js → 200 (1ms, -607B)
[2026-07-21T14:46:20.915Z] GET https://embed-cdn.spotifycdn.com/_next/static/chunks/pages/show/%5Bid%5D-c980d7a171516ee5.js → 200 (?ms, -607B)
[2026-07-21T14:46:20.915Z] GET https://embed-cdn.spotifycdn.com/_next/static/79fbe8be-53f1-499a-9001-94732956fcd2/_buildManifest.js → 200 (?ms, -607B)
[2026-07-21T14:46:20.915Z] GET https://embed-cdn.spotifycdn.com/_next/static/79fbe8be-53f1-499a-9001-94732956fcd2/_ssgManifest.js → 200 (?ms, -558B)
[2026-07-21T14:46:20.915Z] GET https://image-cdn-fa.spotifycdn.com/image/ab67656300005f1f406cc242663e48837f0c9fe3 → 200 (?ms, -592B)
[2026-07-21T14:46:20.915Z] GET https://encore.scdn.co/fonts/CircularSp-Hebr-Book-bd691543176c385b089f6986ddf58c5f.woff2 → 200 (?ms, -554B)
[2026-07-21T14:46:20.915Z] GET https://encore.scdn.co/fonts/SpotifyMixUI-Bold-09c45a3a0ce9d2971e62cb26e97760fb.woff2 → 200 (?ms, -553B)
[2026-07-21T14:46:20.915Z] GET https://encore.scdn.co/fonts/SpotifyMixUI-Regular-76c92fb1a35c462f73429fa8865163eb.woff2 → 200 (?ms, -553B)
[2026-07-21T14:46:20.915Z] GET https://encore.scdn.co/fonts/SpotifyMixUITitle-Bold-2c79abf9c6697da8b2bf5af3f11e6913.woff2 → 200 (?ms, -553B)
[2026-07-21T14:46:20.920Z] GET blob:https://open.spotify.com/fa031573-3637-4756-9693-2b3d792d2445 → 200 (20ms, -59B)
[2026-07-21T14:46:20.926Z] POST https://o22381.ingest.us.sentry.io/api/4505164808585216/envelope/?sentry_version=7&sentry_key=4cc707ab12ea4779b417479c0550a5cb&sentry_client=sentry.javascript.nextjs%2F10.45.0 → pending (?ms, ?B)
[2026-07-21T14:46:20.938Z] POST https://o22381.ingest.us.sentry.io/api/4505164808585216/envelope/?sentry_version=7&sentry_key=4cc707ab12ea4779b417479c0550a5cb&sentry_client=sentry.javascript.nextjs%2F10.45.0 → pending (?ms, ?B)
[2026-07-21T14:46:20.938Z] POST https://o22381.ingest.us.sentry.io/api/4505164808585216/envelope/?sentry_version=7&sentry_key=4cc707ab12ea4779b417479c0550a5cb&sentry_client=sentry.javascript.nextjs%2F10.45.0 → pending (?ms, ?B)
[2026-07-21T14:46:20.941Z] GET https://apresolve.spotify.com/?type=dealer-g2&type=spclient → pending (?ms, ?B)
[2026-07-21T14:46:20.948Z] GET https://embed-cdn.spotifycdn.com/_next/static/chunks/5039.440e19fa157cd73b.js → 200 (?ms, -608B)
[2026-07-21T14:46:20.948Z] GET https://embed-cdn.spotifycdn.com/_next/static/chunks/755.f2e02398e565c27c.js → 200 (?ms, -559B)
[2026-07-21T14:46:20.948Z] GET https://apresolve.spotify.com/?type=dealer-g2&type=spclient → pending (?ms, ?B)
[2026-07-21T14:46:20.949Z] GET https://embed-cdn.spotifycdn.com/_next/static/chunks/da236039.201ee8665d02be31.js → 200 (?ms, -608B)
[2026-07-21T14:46:20.949Z] GET https://embed-cdn.spotifycdn.com/_next/static/chunks/8272.1d3ae19608cd6071.js → 200 (?ms, -585B)
[2026-07-21T14:46:20.949Z] GET https://embed-cdn.spotifycdn.com/_next/static/chunks/spotify_player_o.7f82139c1652bcc2.js → 200 (?ms, -607B)
[2026-07-21T14:46:20.979Z] GET https://www.youtube.com/s/_/ytembeds/_/js/k=ytembeds.base.en_US.ODfFrMosPCQ.es5.O/am=AAAAgA/d=1/excm=base,root/br=1/rs=AGKMywFu4ZW9pRIW_XDhf8ZIbFxql1q7kw/m=root,base → 200 (?ms, -915B)
[2026-07-21T14:46:20.994Z] GET https://www.youtube.com/s/player/dfc3d2b2/player_embed.vflset/en_US/base.js → 200 (?ms, -690B)
[2026-07-21T14:46:20.994Z] GET https://googleads.g.doubleclick.net/pagead/id → pending (?ms, ?B)
[2026-07-21T14:46:20.995Z] GET https://static.doubleclick.net/instream/ad_status.js → 200 (?ms, -723B)
[2026-07-21T14:46:20.995Z] GET https://www.youtube.com/s/_/ytembeds/_/js/k=ytembeds.base.en_US.ODfFrMosPCQ.es5.O/ck=ytembeds.base.voLKPuLo35M.L.W.O/am=AAAAgA/d=1/exm=base,root/excm=base,root/ed=1/br=1/rs=AGKMywEWcLUfQi49tTazVU5JOJTK_YxkBQ/m=r78Drb → 200 (?ms, -915B)
[2026-07-21T14:46:21.072Z] GET https://i.ytimg.com/vi/jOdf0gJrZug/maxresdefault.jpg?sqp=-oaymwEmCIAKENAF8quKqQMa8AEB-AH-CYAC0AWKAgwIABABGGUgRyg_MA8=&rs=AOn4CLCX5X3fHDrVH7_vKvVE1xdRrSYc_Q → 200 (?ms, -635B)
[2026-07-21T14:46:21.075Z] GET https://googleads.g.doubleclick.net/pagead/id?slf_rd=1 → 200 (83ms, 146B)
[2026-07-21T14:46:21.085Z] POST https://gew1-spclient.spotify.com/gabo-receiver-service/public/v3/events → 200 (172ms, 32B)
[2026-07-21T14:46:21.258Z] POST https://gew1-spclient.spotify.com/gabo-receiver-service/public/v3/events → 200 (236ms, 32B)
[2026-07-21T14:46:21.502Z] GET https://www.google.com/js/th/3vS4MzNmk5bpUZkAbQkUNnMBJb7mHJQeUuR4lw-z7K0.js → 200 (1ms, -813B)
[2026-07-21T14:46:21.543Z] GET https://www.youtube.com/generate_204?iUJ7gQ → 204 (12ms, 10B)
[2026-07-21T14:46:21.549Z] POST https://jnn-pa.googleapis.com/$rpc/google.internal.waa.v1.Waa/GenerateIT → 200 (166ms, 145B)
[2026-07-21T14:46:23.718Z] POST https://www.youtube.com/youtubei/v1/log_event?alt=json → pending (?ms, ?B)
[2026-07-21T14:46:24.943Z] POST https://gew1-spclient.spotify.com/gabo-receiver-service/public/v3/events → pending (?ms, ?B)
[2026-07-21T14:46:24.943Z] POST https://gew1-spclient.spotify.com/gabo-receiver-service/public/v3/events → pending (?ms, ?B)
[2026-07-21T14:47:20.979Z] POST https://www.youtube.com/youtubei/v1/log_event?alt=json → pending (?ms, ?B)
[2026-07-21T14:48:21.196Z] GET https://googleads.g.doubleclick.net/pagead/id → 302 (163ms, ?B)
[2026-07-21T14:48:21.360Z] GET https://googleads.g.doubleclick.net/pagead/id?slf_rd=1 → 200 (67ms, 242B)
[2026-07-21T14:51:17.435Z] GET http://localhost:5210/ → 200 (21ms, 2405B)
[2026-07-21T14:51:17.436Z] POST https://www.youtube.com/youtubei/v1/log_event?alt=json → pending (?ms, ?B)
[2026-07-21T14:51:17.436Z] POST https://gew1-spclient.spotify.com/gabo-receiver-service/public/v3/events → pending (?ms, ?B)
[2026-07-21T14:51:17.437Z] GET https://apresolve.spotify.com/?type=dealer-g2&type=spclient → pending (?ms, ?B)
[2026-07-21T14:51:17.472Z] POST https://www.youtube.com/api/stats/atr?ns=yt&el=embedded&cpn=i6Arj9nx7-UmLG-C&ver=2&cmt=0&fs=0&rt=296.409&euri=http%3A%2F%2Flocalhost%3A5210%2F&lact=296460&cl=948671898&mos=0&volume=100&cbrand=apple&cbr=HeadlessChrome&cbrver=145.0.7632.6&c=WEB_EMBEDDED_PLAYER&cver=2.20260720.01.00&cplayer=UNIPLAYER&cos=Macintosh&cosver=10_15_7&cplatform=DESKTOP&epm=1&hl=en_US&cr=IL&len=118&fexp=v1%2C24004644%2C494889%2C26564110%2C34656%2C124674%2C117689%2C9252%2C3479%2C13030%2C23206%2C35404%2C65298%2C2878%2C12227%2C25059%2C4174%2C30447%2C18705%2C21437%2C4571%2C5239%2C7777%2C11421%2C4666%2C9404%2C23826%2C9500%2C1840%2C45716%2C13159%2C452%2C30489%2C5021%2C9970%2C10619%2C4199%2C458%2C25386%2C4270%2C9181%2C15416%2C82%2C2771%2C14605%2C12584%2C7524%2C366%2C5667%2C1168%2C372%2C7758%2C16452%2C173%2C8868%2C3475%2C5353%2C1900%2C7966%2C1596%2C927%2C2249%2C115%2C158%2C6417%2C1700%2C3692%2C11591%2C1350%2C110%2C756%2C22968%2C1%2C3970%2C588%2C817%2C10%2C2199%2C446%2C5905%2C846%2C884%2C1311%2C666%2C620%2C284%2C653%2C2%2C7891%2C1295%2C2665%2C524%2C3099%2C1832%2C2625%2C4%2C2%2C8813%2C7314%2C318%2C1454%2C4314%2C1584%2C4435%2C782&muted=0&docid=jOdf0gJrZug → pending (?ms, ?B)
[2026-07-21T14:51:17.475Z] POST https://www.youtube.com/youtubei/v1/log_event?alt=json → pending (?ms, ?B)
[2026-07-21T14:51:17.475Z] POST https://o22381.ingest.us.sentry.io/api/4505164808585216/envelope/?sentry_version=7&sentry_key=4cc707ab12ea4779b417479c0550a5cb&sentry_client=sentry.javascript.nextjs%2F10.45.0 → pending (?ms, ?B)
[2026-07-21T14:51:17.475Z] GET http://localhost:5210/@vite/client → 200 (105ms, 182551B)
[2026-07-21T14:51:17.475Z] GET https://fonts.googleapis.com/css2?family=Frank+Ruhl+Libre:wght@300;400;500;700;900&family=Heebo:wght@300;400;500;600;700;800;900&family=Inter:wght@400;500;600;700;800;900&family=JetBrains+Mono:wght@400;500&display=swap → 200 (?ms, -743B)
[2026-07-21T14:51:17.476Z] GET http://localhost:5210/src/main.jsx → 200 (100ms, 4325B)
[2026-07-21T14:51:17.476Z] GET http://localhost:5210/@react-refresh → 200 (95ms, 113132B)
[2026-07-21T14:51:17.479Z] GET https://fonts.gstatic.com/s/heebo/v28/NGS6v5_NC0k9P9H0TbFhsqMA6aw.woff2 → 200 (?ms, -815B)
[2026-07-21T14:51:17.480Z] GET https://fonts.gstatic.com/s/heebo/v28/NGS6v5_NC0k9P9GKTbFhsqMA6aw.woff2 → 200 (?ms, -815B)
[2026-07-21T14:51:17.480Z] GET https://fonts.gstatic.com/s/heebo/v28/NGS6v5_NC0k9P9GYTbFhsqMA6aw.woff2 → 200 (?ms, -815B)
[2026-07-21T14:51:17.480Z] GET https://fonts.gstatic.com/s/heebo/v28/NGS6v5_NC0k9P9H2TbFhsqMA.woff2 → 200 (?ms, -815B)
[2026-07-21T14:51:17.480Z] GET https://fonts.gstatic.com/s/inter/v20/UcC73FwrK3iLTeHuS_nVMrMxCp50SjIa1ZL7W0Q5nw.woff2 → 200 (?ms, -815B)
[2026-07-21T14:51:17.480Z] GET https://fonts.gstatic.com/s/jetbrainsmono/v24/tDbv2o-flEEny0FZhsfKu5WU4zr3E_BX0PnT8RD8yKwBNntkaToggR7BYRbKPxDcwgknk-4.woff2 → 200 (?ms, -815B)
[2026-07-21T14:51:17.576Z] GET http://localhost:5210/node_modules/.vite/deps/react_jsx-dev-runtime.js?v=2222e0de → 200 (6ms, 12506B)
[2026-07-21T14:51:17.576Z] GET http://localhost:5210/node_modules/.vite/deps/react.js?v=2222e0de → 200 (7ms, 1024B)
[2026-07-21T14:51:17.576Z] GET http://localhost:5210/node_modules/.vite/deps/react-dom_client.js?v=2222e0de → 200 (55ms, 1005607B)
[2026-07-21T14:51:17.576Z] GET http://localhost:5210/src/index.css → 200 (425ms, 94221B)
[2026-07-21T14:51:17.576Z] GET http://localhost:5210/src/App.jsx → 200 (90ms, 29392B)
[2026-07-21T14:51:17.576Z] GET http://localhost:5210/src/HeroShowcase.jsx → 200 (49ms, 11822B)
[2026-07-21T14:51:17.576Z] GET http://localhost:5210/src/DesignShowcase.jsx → 200 (56ms, 16291B)
[2026-07-21T14:51:17.576Z] GET http://localhost:5210/src/CollabsHeroShowcase.jsx → 200 (189ms, 23003B)
[2026-07-21T14:51:17.576Z] GET http://localhost:5210/src/lib/smoothScroll.js → 200 (50ms, 12475B)
[2026-07-21T14:51:17.576Z] GET http://localhost:5210/src/lib/analytics.js → 200 (57ms, 9794B)
[2026-07-21T14:51:17.580Z] GET http://localhost:5210/node_modules/vite/dist/client/env.mjs → 200 (56ms, 3861B)
[2026-07-21T14:51:17.583Z] GET http://localhost:5210/node_modules/.vite/deps/chunk-YI4H6FPL.js?v=2222e0de → 200 (55ms, 45663B)
[2026-07-21T14:51:17.583Z] GET http://localhost:5210/node_modules/.vite/deps/chunk-DC5AMYBS.js?v=2222e0de → 200 (53ms, 9510B)
[2026-07-21T14:51:17.625Z] GET http://localhost:5210/src/components/showcase/HeroV1Monument.jsx → 200 (390ms, 38281B)
[2026-07-21T14:51:17.625Z] GET http://localhost:5210/src/components/showcase/HeroV2Arena.jsx → 200 (146ms, 39771B)
[2026-07-21T14:51:17.625Z] GET http://localhost:5210/src/components/showcase/HeroV3Fingers.jsx → 200 (386ms, 35734B)
[2026-07-21T14:51:17.625Z] GET http://localhost:5210/src/components/showcase/HeroV4Manifesto.jsx → 200 (389ms, 62610B)
[2026-07-21T14:51:17.627Z] GET http://localhost:5210/node_modules/.vite/deps/@studio-freight_lenis.js?v=2222e0de → 200 (140ms, 15334B)
[2026-07-21T14:51:17.627Z] GET http://localhost:5210/node_modules/.vite/deps/gsap.js?v=2222e0de → 200 (142ms, 169805B)
[2026-07-21T14:51:17.627Z] GET http://localhost:5210/node_modules/.vite/deps/gsap_ScrollTrigger.js?v=2222e0de → 200 (143ms, 106350B)
[2026-07-21T14:51:17.631Z] GET http://localhost:5210/node_modules/.vite/deps/chunk-42BTM2VB.js?v=2222e0de → 200 (251ms, 16533B)
[2026-07-21T14:51:17.632Z] GET http://localhost:5210/src/variants/VariantA.jsx → 200 (386ms, 50254B)
[2026-07-21T14:51:17.632Z] GET http://localhost:5210/src/variants/VariantB.jsx → 200 (385ms, 50511B)
[2026-07-21T14:51:17.632Z] GET http://localhost:5210/src/variants/VariantC.jsx → 200 (400ms, 59723B)
[2026-07-21T14:51:17.632Z] GET http://localhost:5210/src/variants/VariantD.jsx → 200 (389ms, 59850B)
[2026-07-21T14:51:17.666Z] GET http://localhost:5210/src/components/Navbar.jsx → 200 (363ms, 27683B)
[2026-07-21T14:51:17.666Z] GET http://localhost:5210/src/components/Hero.jsx → 200 (361ms, 34841B)
[2026-07-21T14:51:17.666Z] GET http://localhost:5210/src/components/WhoWeAre.jsx → 200 (356ms, 17294B)
[2026-07-21T14:51:17.666Z] GET http://localhost:5210/src/components/WhatWeBelieve.jsx → 200 (357ms, 19406B)
[2026-07-21T14:51:17.666Z] GET http://localhost:5210/src/components/ManInArena.jsx → 200 (358ms, 22882B)
[2026-07-21T14:51:17.666Z] GET http://localhost:5210/src/components/Programs.jsx → 200 (393ms, 46476B)
[2026-07-21T14:51:17.666Z] GET http://localhost:5210/src/components/FiveContent.jsx → 200 (392ms, 46199B)
[2026-07-21T14:51:17.666Z] GET http://localhost:5210/src/components/Footer.jsx → 200 (360ms, 17731B)
[2026-07-21T14:51:17.666Z] GET http://localhost:5210/src/components/ContactModal.jsx → 200 (489ms, 140796B)
[2026-07-21T14:51:17.666Z] GET http://localhost:5210/src/components/Accessibility/AccessibilityWidget.jsx → 200 (459ms, 59359B)
[2026-07-21T14:51:17.666Z] GET http://localhost:5210/src/pages/LiabahPage.jsx → 200 (395ms, 9990B)
[2026-07-21T14:51:17.666Z] GET http://localhost:5210/src/pages/AcademyPage.jsx → 200 (367ms, 13542B)
[2026-07-21T14:51:17.666Z] GET http://localhost:5210/src/pages/CollaborationsPage.jsx → 200 (397ms, 12155B)
[2026-07-21T14:51:17.666Z] GET http://localhost:5210/src/pages/AmirPage.jsx → 200 (400ms, 8470B)
[2026-07-21T14:51:17.667Z] GET http://localhost:5210/src/pages/AlumniPage.jsx → 200 (422ms, 7905B)
[2026-07-21T14:51:17.667Z] GET http://localhost:5210/src/pages/TeamPage.jsx → 200 (395ms, 9176B)
[2026-07-21T14:51:17.667Z] GET http://localhost:5210/src/HeroConcepts.jsx → 200 (459ms, 22615B)
[2026-07-21T14:51:17.667Z] GET http://localhost:5210/src/data/contact.js → 200 (400ms, 3188B)
[2026-07-21T14:51:17.766Z] GET http://localhost:5210/src/components/collabs/hero-versions/HeroCorporateSplit.jsx → 200 (384ms, 29900B)
[2026-07-21T14:51:17.766Z] GET http://localhost:5210/src/components/collabs/hero-versions/HeroDataBoardroom.jsx → 200 (364ms, 31799B)
[2026-07-21T14:51:17.766Z] GET http://localhost:5210/src/components/collabs/hero-versions/HeroEditorialLedger.jsx → 200 (378ms, 33476B)
[2026-07-21T14:51:17.766Z] GET http://localhost:5210/src/components/collabs/hero-versions/HeroCapabilityBento.jsx → 200 (380ms, 36862B)
[2026-07-21T14:51:18.022Z] GET http://localhost:5210/src/hooks/useReveal.js → 200 (107ms, 10894B)
[2026-07-21T14:51:18.022Z] GET http://localhost:5210/src/hooks/useCountUp.js → 200 (118ms, 8297B)
[2026-07-21T14:51:18.027Z] GET http://localhost:5210/src/assets/logo.png?import → 200 (113ms, 352B)
[2026-07-21T14:51:18.028Z] GET http://localhost:5210/src/components/ui/Button.jsx → 200 (128ms, 13439B)
[2026-07-21T14:51:18.029Z] GET http://localhost:5210/node_modules/.vite/deps/lucide-react.js?v=2222e0de → 200 (121ms, 823434B)
[2026-07-21T14:51:18.034Z] GET http://localhost:5210/src/components/academy/AcademyHero.jsx → 200 (126ms, 30718B)
[2026-07-21T14:51:18.034Z] GET http://localhost:5210/src/components/academy/AcademyManifesto.jsx → 200 (122ms, 8566B)
[2026-07-21T14:51:18.034Z] GET http://localhost:5210/src/components/academy/AcademyAxes.jsx → 200 (125ms, 10759B)
[2026-07-21T14:51:18.034Z] GET http://localhost:5210/src/components/academy/AcademyPrograms.jsx → 200 (133ms, 31900B)
[2026-07-21T14:51:18.034Z] GET http://localhost:5210/src/components/academy/AcademyImpact.jsx → 200 (123ms, 10269B)
[2026-07-21T14:51:18.034Z] GET http://localhost:5210/src/components/academy/AcademyJourney.jsx → 200 (128ms, 19934B)
[2026-07-21T14:51:18.034Z] GET http://localhost:5210/src/components/academy/AcademyAdmissions.jsx → 200 (128ms, 13746B)
[2026-07-21T14:51:18.034Z] GET http://localhost:5210/src/components/academy/AcademyTestimonials.jsx → 200 (129ms, 18911B)
[2026-07-21T14:51:18.034Z] GET http://localhost:5210/src/components/academy/AcademyGallery.jsx → 200 (131ms, 24410B)
[2026-07-21T14:51:18.034Z] GET http://localhost:5210/src/components/academy/AcademyFAQ.jsx → 200 (132ms, 11977B)
[2026-07-21T14:51:18.034Z] GET http://localhost:5210/src/components/academy/AcademyCTA.jsx → 200 (131ms, 13944B)
[2026-07-21T14:51:18.034Z] GET http://localhost:5210/src/components/SoftDivider.jsx → 200 (130ms, 6501B)
[2026-07-21T14:51:18.061Z] GET http://localhost:5210/src/components/liabah/LiabahHero.jsx → 200 (108ms, 35546B)
[2026-07-21T14:51:18.061Z] GET http://localhost:5210/src/components/liabah/LiabahEssence.jsx → 200 (107ms, 50398B)
[2026-07-21T14:51:18.061Z] GET http://localhost:5210/src/components/liabah/LiabahPrograms.jsx → 200 (111ms, 38954B)
[2026-07-21T14:51:18.061Z] GET http://localhost:5210/src/components/liabah/LiabahCoaches.jsx → 200 (115ms, 44709B)
[2026-07-21T14:51:18.061Z] GET http://localhost:5210/src/components/liabah/LiabahMap.jsx → 200 (117ms, 79049B)
[2026-07-21T14:51:18.061Z] GET http://localhost:5210/src/components/liabah/LiabahGallery.jsx → 200 (113ms, 27903B)
[2026-07-21T14:51:18.061Z] GET http://localhost:5210/src/components/liabah/LiabahFAQ.jsx → 200 (113ms, 14271B)
[2026-07-21T14:51:18.061Z] GET http://localhost:5210/src/components/liabah/LiabahCTA.jsx → 200 (115ms, 16798B)
[2026-07-21T14:51:18.062Z] GET http://localhost:5210/src/components/team/TeamHero.jsx → 200 (117ms, 33128B)
[2026-07-21T14:51:18.062Z] GET http://localhost:5210/src/components/team/TeamRoster.jsx → 200 (118ms, 18953B)
[2026-07-21T14:51:18.062Z] GET http://localhost:5210/src/components/team/TeamIntro.jsx → 200 (121ms, 11267B)
[2026-07-21T14:51:18.062Z] GET http://localhost:5210/src/components/team/TeamCoach.jsx → 200 (119ms, 36125B)
[2026-07-21T14:51:18.062Z] GET http://localhost:5210/src/components/team/TeamInstructor.jsx → 200 (120ms, 12638B)
[2026-07-21T14:51:18.062Z] GET http://localhost:5210/src/components/team/TeamHq.jsx → 200 (117ms, 12529B)
[2026-07-21T14:51:18.062Z] GET http://localhost:5210/src/components/team/TeamCTA.jsx → 200 (120ms, 16637B)
[2026-07-21T14:51:18.064Z] GET http://localhost:5210/src/components/collabs/CollabsStats.jsx → 200 (119ms, 13991B)
[2026-07-21T14:51:18.064Z] GET http://localhost:5210/src/components/collabs/CollabsIntro.jsx → 200 (120ms, 13557B)
[2026-07-21T14:51:18.064Z] GET http://localhost:5210/src/components/collabs/CollabsProcess.jsx → 200 (121ms, 12183B)
[2026-07-21T14:51:18.064Z] GET http://localhost:5210/src/components/collabs/CollabsContentWorlds.jsx → 200 (141ms, 26756B)
[2026-07-21T14:51:18.064Z] GET http://localhost:5210/src/components/collabs/CollabsFormats.jsx → 200 (123ms, 21828B)
[2026-07-21T14:51:18.064Z] GET http://localhost:5210/src/components/collabs/CollabsTeam.jsx → 200 (125ms, 18184B)
[2026-07-21T14:51:18.064Z] GET http://localhost:5210/src/components/collabs/CollabsPartners.jsx → 200 (121ms, 12167B)
[2026-07-21T14:51:18.064Z] GET http://localhost:5210/src/components/collabs/CollabsCTA.jsx → 200 (122ms, 16386B)
[2026-07-21T14:51:18.067Z] GET http://localhost:5210/src/components/amir/AmirHero.jsx → 200 (129ms, 26158B)
[2026-07-21T14:51:18.067Z] GET http://localhost:5210/src/components/amir/AmirIntro.jsx → 200 (130ms, 13453B)
[2026-07-21T14:51:18.067Z] GET http://localhost:5210/src/components/amir/AmirZones.jsx → 200 (141ms, 27162B)
[2026-07-21T14:51:18.067Z] GET http://localhost:5210/src/components/amir/AmirContentWorlds.jsx → 200 (135ms, 29024B)
[2026-07-21T14:51:18.067Z] GET http://localhost:5210/src/components/amir/AmirCTA.jsx → 200 (129ms, 9224B)
[2026-07-21T14:51:18.090Z] GET http://localhost:5210/src/components/alumni/AlumniHero.jsx → 200 (120ms, 26318B)
[2026-07-21T14:51:18.090Z] GET http://localhost:5210/src/components/alumni/AlumniStats.jsx → 200 (117ms, 14611B)
[2026-07-21T14:51:18.090Z] GET http://localhost:5210/src/components/alumni/AlumniIntro.jsx → 200 (115ms, 13474B)
[2026-07-21T14:51:18.090Z] GET http://localhost:5210/src/components/alumni/YoavProgram.jsx → 200 (125ms, 22651B)
[2026-07-21T14:51:18.090Z] GET http://localhost:5210/src/components/alumni/AlumniCTA.jsx → 200 (116ms, 12030B)
[2026-07-21T14:51:18.125Z] GET http://localhost:5210/node_modules/.vite/deps/react-dom.js?v=2222e0de → 200 (82ms, 1352B)
[2026-07-21T14:51:18.125Z] GET http://localhost:5210/src/hooks/useAccessibility.js → 200 (82ms, 14197B)
[2026-07-21T14:51:18.125Z] GET http://localhost:5210/src/components/Accessibility/AccessibilityStatement.jsx → 200 (83ms, 26669B)
[2026-07-21T14:51:18.126Z] GET http://localhost:5210/src/components/hero-concepts/ConceptEditorialSplit.jsx → 200 (91ms, 24513B)
[2026-07-21T14:51:18.126Z] GET http://localhost:5210/src/components/hero-concepts/ConceptOversizedType.jsx → 200 (86ms, 19732B)
[2026-07-21T14:51:18.126Z] GET http://localhost:5210/src/components/hero-concepts/ConceptBentoMosaic.jsx → 200 (83ms, 20523B)
[2026-07-21T14:51:18.126Z] GET http://localhost:5210/src/components/hero-concepts/ConceptSpotlightArena.jsx → 200 (86ms, 20754B)
[2026-07-21T14:51:18.126Z] GET http://localhost:5210/src/components/hero-concepts/ConceptFramedPlate.jsx → 200 (93ms, 21126B)
[2026-07-21T14:51:18.130Z] GET http://localhost:5210/src/hooks/usePrefersReducedMotion.js → 200 (82ms, 4480B)
[2026-07-21T14:51:18.130Z] GET http://localhost:5210/src/components/collabs/hero-versions/heroShared.js → 200 (82ms, 12554B)
[2026-07-21T14:51:18.144Z] GET http://localhost:5210/src/components/academy/shared.jsx → 200 (75ms, 21554B)
[2026-07-21T14:51:18.156Z] GET http://localhost:5210/src/data/academyData.js → 200 (57ms, 83377B)
[2026-07-21T14:51:18.168Z] GET http://localhost:5210/src/data/liabahData.js → 200 (47ms, 132394B)
[2026-07-21T14:51:18.168Z] GET http://localhost:5210/src/components/liabah/shared.jsx → 200 (52ms, 13142B)
[2026-07-21T14:51:18.178Z] GET http://localhost:5210/src/data/israelOutline.js → 200 (37ms, 11265B)
[2026-07-21T14:51:18.179Z] GET http://localhost:5210/src/data/teamData.js → 200 (37ms, 50598B)
[2026-07-21T14:51:18.196Z] GET http://localhost:5210/src/data/amirData.js → 200 (21ms, 26221B)
[2026-07-21T14:51:18.205Z] GET http://localhost:5210/src/data/alumniData.js → 200 (13ms, 17353B)
[2026-07-21T14:51:18.232Z] POST https://fqgshlgvwwvwxsytksdn.supabase.co/rest/v1/page_views → pending (?ms, ?B)
[2026-07-21T14:51:18.250Z] GET http://localhost:5210/src/assets/logo.png → 304 (2ms, ?B)
[2026-07-21T14:51:18.250Z] GET http://localhost:5210/Hero-Pics/214A0011.jpg → 304 (2ms, ?B)
[2026-07-21T14:51:18.251Z] GET http://localhost:5210/logo.png → 304 (1ms, ?B)
[2026-07-21T14:51:18.251Z] GET https://ynet-pic1.yit.co.il/picserver6/crop_images/2024/11/21/B1HUEGs2fke/B1HUEGs2fke_0_0_1080_1080_0_large.jpg → 200 (?ms, -390B)
[2026-07-21T14:51:18.252Z] GET https://www.youtube.com/embed/jOdf0gJrZug?rel=0&modestbranding=1 → pending (?ms, ?B)
[2026-07-21T14:51:18.270Z] GET http://localhost:5210/fonts/rag-marom-2.1.otf → 304 (3ms, ?B)
[2026-07-21T14:51:18.271Z] GET https://open.spotify.com/embed/show/1pkoB14iPwztzO8LXkqGaR?utm_source=generator&theme=0 → pending (?ms, ?B)
[2026-07-21T14:51:18.272Z] GET http://localhost:5210/Hero-Pics/214A0027.jpg → 304 (2ms, ?B)
[2026-07-21T14:51:18.272Z] GET http://localhost:5210/Hero-Pics/214A0034.jpg → 304 (19ms, ?B)
[2026-07-21T14:51:18.272Z] GET http://localhost:5210/Hero-Pics/214A0088.jpg → 304 (20ms, ?B)
[2026-07-21T14:51:18.272Z] GET http://localhost:5210/Hero-Pics/214A0114.jpg → 304 (20ms, ?B)
[2026-07-21T14:51:18.272Z] GET http://localhost:5210/Hero-Pics/214A0511.jpg → 304 (20ms, ?B)
[2026-07-21T14:51:18.272Z] GET http://localhost:5210/Hero-Pics/_14A9355.jpg → 304 (20ms, ?B)
[2026-07-21T14:51:18.273Z] GET http://localhost:5210/our_product_pics/core_pic.jpg → 304 (19ms, ?B)
[2026-07-21T14:51:18.273Z] GET http://localhost:5210/our_product_pics/mehina_pic.png → 304 (19ms, ?B)
[2026-07-21T14:51:18.273Z] GET http://localhost:5210/our_product_pics/yoav_pic.jpg → 304 (20ms, ?B)
[2026-07-21T14:51:18.273Z] GET http://localhost:5210/our_product_pics/collab_pic.jpg → 304 (20ms, ?B)
[2026-07-21T14:51:18.274Z] GET http://localhost:5210/hero_section/arena_intro.mp4 → 206 (19ms, ?B)
[2026-07-21T14:51:18.410Z] GET https://www.youtube.com/s/player/093b19ed/www-player.css → 200 (28ms, 57378B)
[2026-07-21T14:51:18.410Z] GET https://www.youtube.com/s/_/ytembeds/_/ss/k=ytembeds.base.voLKPuLo35M.L.W.O/am=AAAAgA/d=1/br=1/rs=AGKMywFbOiAirpOGLQLAetGjYdyOjZXjoA/m=root,base → 200 (30ms, 22B)
[2026-07-21T14:51:18.411Z] GET https://fonts.gstatic.com/s/roboto/v48/KFO7CnqEu92Fr1ME7kSn66aGLdTylUAMa3yUBHMdazQ.woff2 → 200 (133ms, 35220B)
[2026-07-21T14:51:18.418Z] GET https://www.youtube.com/s/_/ytembeds/_/js/k=ytembeds.base.en_US.ODfFrMosPCQ.es5.O/am=AAAAgA/d=1/excm=base,root/br=1/rs=AGKMywFu4ZW9pRIW_XDhf8ZIbFxql1q7kw/m=root,base → 200 (?ms, -915B)
[2026-07-21T14:51:18.418Z] GET https://www.youtube.com/s/player/093b19ed/player_embed.vflset/en_US/base.js → 200 (85ms, 518460B)
[2026-07-21T14:51:18.513Z] GET https://googleads.g.doubleclick.net/pagead/id → 302 (196ms, ?B)
[2026-07-21T14:51:18.513Z] GET https://static.doubleclick.net/instream/ad_status.js → 304 (77ms, 150B)
[2026-07-21T14:51:18.514Z] GET https://www.youtube.com/s/_/ytembeds/_/js/k=ytembeds.base.en_US.ODfFrMosPCQ.es5.O/ck=ytembeds.base.voLKPuLo35M.L.W.O/am=AAAAgA/d=1/exm=base,root/excm=base,root/ed=1/br=1/rs=AGKMywEWcLUfQi49tTazVU5JOJTK_YxkBQ/m=r78Drb → 200 (?ms, -915B)
[2026-07-21T14:51:18.558Z] GET https://i.ytimg.com/vi/jOdf0gJrZug/sddefault.jpg?sqp=-oaymwEmCIAFEOAD8quKqQMa8AEB-AH-CYAC0AWKAgwIABABGGUgRyg_MA8=&rs=AOn4CLC4q-6GMysJyzvBKBL3FL7AWuswyA → 200 (236ms, 14061B)
[2026-07-21T14:51:18.674Z] GET https://embed-cdn.spotifycdn.com/_next/static/css/ae20dae031358b14.css → 200 (102ms, 25426B)
[2026-07-21T14:51:18.674Z] GET https://embed-cdn.spotifycdn.com/_next/static/css/6bff6d40db68084e.css → 200 (90ms, 6616B)
[2026-07-21T14:51:18.674Z] GET https://embed-cdn.spotifycdn.com/_next/static/css/ba597db3e11d31f9.css → 200 (89ms, 3219B)
[2026-07-21T14:51:18.674Z] GET https://embed-cdn.spotifycdn.com/_next/static/css/14065715fb0eddf9.css → 200 (90ms, 3464B)
[2026-07-21T14:51:18.674Z] GET https://embed-cdn.spotifycdn.com/_next/static/chunks/webpack-6a3671b087bf9720.js → 200 (89ms, 3520B)
[2026-07-21T14:51:18.674Z] GET https://embed-cdn.spotifycdn.com/_next/static/chunks/framework-d51967e8c8e13641.js → 200 (116ms, 60361B)
[2026-07-21T14:51:18.674Z] GET https://embed-cdn.spotifycdn.com/_next/static/chunks/main-9182335c5e433871.js → 200 (132ms, 41176B)
[2026-07-21T14:51:18.674Z] GET https://embed-cdn.spotifycdn.com/_next/static/chunks/pages/_app-49b3d52602b860d4.js → 200 (146ms, 125422B)
[2026-07-21T14:51:18.674Z] GET https://embed-cdn.spotifycdn.com/_next/static/chunks/c4f29680-2a3aca87bc667b85.js → 200 (128ms, 101226B)
[2026-07-21T14:51:18.674Z] GET https://embed-cdn.spotifycdn.com/_next/static/chunks/1df930d7-c3c84ee0b3e2843b.js → 200 (106ms, 1801B)
[2026-07-21T14:51:18.674Z] GET https://embed-cdn.spotifycdn.com/_next/static/chunks/8494-e90532fa0601445c.js → 200 (106ms, 4229B)
[2026-07-21T14:51:18.675Z] GET https://embed-cdn.spotifycdn.com/_next/static/chunks/7740-c6dbc536b0bb3d7c.js → 200 (145ms, 127237B)
[2026-07-21T14:51:18.675Z] GET https://embed-cdn.spotifycdn.com/_next/static/chunks/5542-5a715e9a1ee7e4d0.js → 200 (121ms, 40136B)
[2026-07-21T14:51:18.675Z] GET https://embed-cdn.spotifycdn.com/_next/static/chunks/258-80c3af4cd9a5945e.js → 200 (106ms, 5599B)
[2026-07-21T14:51:18.675Z] GET https://embed-cdn.spotifycdn.com/_next/static/chunks/pages/show/%5Bid%5D-c980d7a171516ee5.js → 200 (106ms, 5958B)
[2026-07-21T14:51:18.675Z] GET https://embed-cdn.spotifycdn.com/_next/static/79fbe8be-53f1-499a-9001-94732956fcd2/_buildManifest.js → 200 (106ms, 1414B)
[2026-07-21T14:51:18.675Z] GET https://embed-cdn.spotifycdn.com/_next/static/79fbe8be-53f1-499a-9001-94732956fcd2/_ssgManifest.js → 200 (106ms, 405B)
[2026-07-21T14:51:18.675Z] GET https://image-cdn-fa.spotifycdn.com/image/ab67656300005f1f406cc242663e48837f0c9fe3 → 200 (311ms, 33838B)
[2026-07-21T14:51:18.709Z] GET https://googleads.g.doubleclick.net/pagead/id?slf_rd=1 → 200 (83ms, 146B)
[2026-07-21T14:51:18.789Z] GET https://encore.scdn.co/fonts/SpotifyMixUI-Bold-09c45a3a0ce9d2971e62cb26e97760fb.woff2 → 200 (110ms, 47822B)
[2026-07-21T14:51:18.789Z] GET https://encore.scdn.co/fonts/SpotifyMixUI-Regular-76c92fb1a35c462f73429fa8865163eb.woff2 → 200 (123ms, 44741B)
[2026-07-21T14:51:18.789Z] GET https://encore.scdn.co/fonts/SpotifyMixUITitle-Bold-2c79abf9c6697da8b2bf5af3f11e6913.woff2 → 200 (106ms, 53402B)
[2026-07-21T14:51:18.789Z] GET https://encore.scdn.co/fonts/CircularSp-Hebr-Book-bd691543176c385b089f6986ddf58c5f.woff2 → 200 (110ms, 12939B)
[2026-07-21T14:51:18.834Z] GET blob:https://open.spotify.com/98d56ecd-221d-4ccd-81bd-95ccecb7c9ad → 200 (43ms, -59B)
[2026-07-21T14:51:18.841Z] POST https://o22381.ingest.us.sentry.io/api/4505164808585216/envelope/?sentry_version=7&sentry_key=4cc707ab12ea4779b417479c0550a5cb&sentry_client=sentry.javascript.nextjs%2F10.45.0 → 200 (165ms, 56B)
[2026-07-21T14:51:18.874Z] POST https://o22381.ingest.us.sentry.io/api/4505164808585216/envelope/?sentry_version=7&sentry_key=4cc707ab12ea4779b417479c0550a5cb&sentry_client=sentry.javascript.nextjs%2F10.45.0 → 200 (106ms, 56B)
[2026-07-21T14:51:18.874Z] POST https://o22381.ingest.us.sentry.io/api/4505164808585216/envelope/?sentry_version=7&sentry_key=4cc707ab12ea4779b417479c0550a5cb&sentry_client=sentry.javascript.nextjs%2F10.45.0 → 200 (67ms, 56B)
[2026-07-21T14:51:18.884Z] GET https://apresolve.spotify.com/?type=dealer-g2&type=spclient → 200 (282ms, 169B)
[2026-07-21T14:51:18.890Z] GET https://embed-cdn.spotifycdn.com/_next/static/chunks/5039.440e19fa157cd73b.js → 200 (12ms, 11888B)
[2026-07-21T14:51:18.890Z] GET https://embed-cdn.spotifycdn.com/_next/static/chunks/755.f2e02398e565c27c.js → 200 (9ms, 1113B)
[2026-07-21T14:51:18.890Z] GET https://apresolve.spotify.com/?type=dealer-g2&type=spclient → 200 (205ms, 335B)
[2026-07-21T14:51:18.911Z] GET https://embed-cdn.spotifycdn.com/_next/static/chunks/da236039.201ee8665d02be31.js → 200 (35ms, 16821B)
[2026-07-21T14:51:18.911Z] GET https://embed-cdn.spotifycdn.com/_next/static/chunks/8272.1d3ae19608cd6071.js → 200 (40ms, 88332B)
[2026-07-21T14:51:18.911Z] GET https://embed-cdn.spotifycdn.com/_next/static/chunks/spotify_player_o.7f82139c1652bcc2.js → 200 (5ms, 4703B)
[2026-07-21T14:51:19.022Z] GET https://www.google.com/js/th/3vS4MzNmk5bpUZkAbQkUNnMBJb7mHJQeUuR4lw-z7K0.js → 200 (?ms, -813B)
[2026-07-21T14:51:19.059Z] GET https://www.youtube.com/generate_204?NLL1lg → 204 (11ms, 10B)
[2026-07-21T14:51:19.064Z] POST https://jnn-pa.googleapis.com/$rpc/google.internal.waa.v1.Waa/GenerateIT → pending (?ms, ?B)
[2026-07-21T14:51:19.167Z] POST https://gew1-spclient.spotify.com/gabo-receiver-service/public/v3/events → 200 (144ms, 164B)
[2026-07-21T14:51:19.312Z] POST https://gew1-spclient.spotify.com/gabo-receiver-service/public/v3/events → pending (?ms, ?B)
[2026-07-21T14:51:20.644Z] GET http://localhost:5210/ → 200 (3ms, ?B)
[2026-07-21T14:51:20.645Z] POST https://www.youtube.com/youtubei/v1/log_event?alt=json → pending (?ms, ?B)
[2026-07-21T14:51:20.645Z] POST https://gew1-spclient.spotify.com/gabo-receiver-service/public/v3/events → pending (?ms, ?B)
[2026-07-21T14:51:20.645Z] POST https://gew1-spclient.spotify.com/gabo-receiver-service/public/v3/events → pending (?ms, ?B)
[2026-07-21T14:51:20.645Z] POST https://gew1-spclient.spotify.com/gabo-receiver-service/public/v3/events → pending (?ms, ?B)
[2026-07-21T14:51:20.645Z] GET https://apresolve.spotify.com/?type=dealer-g2&type=spclient → pending (?ms, ?B)
[2026-07-21T14:51:20.656Z] POST https://www.youtube.com/api/stats/atr?ns=yt&el=embedded&cpn=NHaFxEsWFok6VQTj&ver=2&cmt=0&fs=0&rt=2.122&euri=http%3A%2F%2Flocalhost%3A5210%2F&lact=2132&cl=950544985&mos=0&volume=100&cbrand=apple&cbr=HeadlessChrome&cbrver=145.0.7632.6&c=WEB_EMBEDDED_PLAYER&cver=2.20260720.01.00&cplayer=UNIPLAYER&cos=Macintosh&cosver=10_15_7&cplatform=DESKTOP&epm=1&hl=en_US&cr=IL&len=118&fexp=v1%2C24004644%2C494890%2C26564109%2C34656%2C47716%2C76958%2C117689%2C9252%2C3479%2C13030%2C23206%2C35403%2C65299%2C2878%2C12227%2C25059%2C4174%2C30446%2C18706%2C21437%2C4571%2C13015%2C16088%2C6621%2C2783%2C23826%2C9500%2C1840%2C29674%2C16042%2C10930%2C2229%2C453%2C30487%2C5023%2C9969%2C10619%2C4199%2C459%2C29655%2C9181%2C15416%2C82%2C17377%2C1%2C12582%2C7525%2C365%2C5667%2C1168%2C372%2C7758%2C16453%2C172%2C8868%2C3475%2C26%2C503%2C4824%2C1900%2C7967%2C1595%2C927%2C2249%2C115%2C158%2C8117%2C3692%2C11592%2C1349%2C110%2C753%2C22971%2C3%2C3969%2C1405%2C10%2C1293%2C448%2C457%2C446%2C5906%2C845%2C884%2C1311%2C666%2C620%2C285%2C652%2C2%2C7889%2C1297%2C2664%2C525%2C2761%2C338%2C1831%2C2632%2C8813%2C7314%2C318%2C1454%2C4313%2C1586%2C3988%2C445%2C784&muted=0&docid=jOdf0gJrZug → pending (?ms, ?B)
[2026-07-21T14:51:20.657Z] POST https://www.youtube.com/youtubei/v1/log_event?alt=json → pending (?ms, ?B)
[2026-07-21T14:51:20.657Z] POST https://o22381.ingest.us.sentry.io/api/4505164808585216/envelope/?sentry_version=7&sentry_key=4cc707ab12ea4779b417479c0550a5cb&sentry_client=sentry.javascript.nextjs%2F10.45.0 → pending (?ms, ?B)
[2026-07-21T14:51:20.658Z] GET http://localhost:5210/@vite/client → 200 (2ms, ?B)
[2026-07-21T14:51:20.658Z] GET https://fonts.googleapis.com/css2?family=Frank+Ruhl+Libre:wght@300;400;500;700;900&family=Heebo:wght@300;400;500;600;700;800;900&family=Inter:wght@400;500;600;700;800;900&family=JetBrains+Mono:wght@400;500&display=swap → 200 (?ms, -743B)
[2026-07-21T14:51:20.658Z] GET http://localhost:5210/src/main.jsx → 200 (1ms, ?B)
[2026-07-21T14:51:20.660Z] GET http://localhost:5210/@react-refresh → 200 (6ms, ?B)
[2026-07-21T14:51:20.660Z] GET http://localhost:5210/node_modules/.vite/deps/react_jsx-dev-runtime.js?v=2222e0de → 200 (?ms, -310B)
[2026-07-21T14:51:20.661Z] GET http://localhost:5210/node_modules/.vite/deps/react.js?v=2222e0de → 200 (?ms, -307B)
[2026-07-21T14:51:20.662Z] GET http://localhost:5210/node_modules/.vite/deps/react-dom_client.js?v=2222e0de → 200 (?ms, -313B)
[2026-07-21T14:51:20.662Z] GET http://localhost:5210/src/index.css → 200 (3ms, ?B)
[2026-07-21T14:51:20.662Z] GET http://localhost:5210/src/App.jsx → 200 (4ms, ?B)
[2026-07-21T14:51:20.662Z] GET http://localhost:5210/src/HeroShowcase.jsx → 200 (11ms, ?B)
[2026-07-21T14:51:20.662Z] GET http://localhost:5210/src/DesignShowcase.jsx → 200 (19ms, ?B)
[2026-07-21T14:51:20.662Z] GET http://localhost:5210/src/CollabsHeroShowcase.jsx → 200 (21ms, ?B)
[2026-07-21T14:51:20.662Z] GET http://localhost:5210/src/lib/smoothScroll.js → 200 (22ms, ?B)
[2026-07-21T14:51:20.663Z] GET http://localhost:5210/src/lib/analytics.js → 200 (21ms, ?B)
[2026-07-21T14:51:20.663Z] GET http://localhost:5210/node_modules/vite/dist/client/env.mjs → 200 (21ms, ?B)
[2026-07-21T14:51:20.663Z] GET http://localhost:5210/node_modules/.vite/deps/chunk-YI4H6FPL.js?v=2222e0de → 200 (?ms, -310B)
[2026-07-21T14:51:20.663Z] GET http://localhost:5210/node_modules/.vite/deps/chunk-DC5AMYBS.js?v=2222e0de → 200 (?ms, -308B)
[2026-07-21T14:51:20.664Z] GET http://localhost:5210/node_modules/.vite/deps/chunk-42BTM2VB.js?v=2222e0de → 200 (?ms, -310B)
[2026-07-21T14:51:20.667Z] GET http://localhost:5210/src/components/Navbar.jsx → 200 (17ms, ?B)
[2026-07-21T14:51:20.667Z] GET http://localhost:5210/src/components/Hero.jsx → 200 (18ms, ?B)
[2026-07-21T14:51:20.667Z] GET http://localhost:5210/src/components/WhoWeAre.jsx → 200 (18ms, ?B)
[2026-07-21T14:51:20.667Z] GET http://localhost:5210/src/components/WhatWeBelieve.jsx → 200 (18ms, ?B)
[2026-07-21T14:51:20.667Z] GET http://localhost:5210/src/components/ManInArena.jsx → 200 (18ms, ?B)
[2026-07-21T14:51:20.667Z] GET http://localhost:5210/src/components/Programs.jsx → 200 (18ms, ?B)
[2026-07-21T14:51:20.668Z] GET http://localhost:5210/src/components/FiveContent.jsx → 200 (17ms, ?B)
[2026-07-21T14:51:20.668Z] GET http://localhost:5210/src/components/Footer.jsx → 200 (17ms, ?B)
[2026-07-21T14:51:20.668Z] GET http://localhost:5210/src/components/ContactModal.jsx → 200 (19ms, ?B)
[2026-07-21T14:51:20.668Z] GET http://localhost:5210/src/components/Accessibility/AccessibilityWidget.jsx → 200 (18ms, ?B)
[2026-07-21T14:51:20.668Z] GET http://localhost:5210/src/pages/LiabahPage.jsx → 200 (17ms, ?B)
[2026-07-21T14:51:20.668Z] GET http://localhost:5210/src/pages/AcademyPage.jsx → 200 (19ms, ?B)
[2026-07-21T14:51:20.668Z] GET http://localhost:5210/src/pages/CollaborationsPage.jsx → 200 (20ms, ?B)
[2026-07-21T14:51:20.673Z] GET http://localhost:5210/src/pages/AmirPage.jsx → 200 (15ms, ?B)
[2026-07-21T14:51:20.673Z] GET http://localhost:5210/src/pages/AlumniPage.jsx → 200 (15ms, ?B)
[2026-07-21T14:51:20.673Z] GET http://localhost:5210/src/pages/TeamPage.jsx → 200 (14ms, ?B)
[2026-07-21T14:51:20.673Z] GET http://localhost:5210/src/HeroConcepts.jsx → 200 (15ms, ?B)
[2026-07-21T14:51:20.673Z] GET http://localhost:5210/src/data/contact.js → 200 (16ms, ?B)
[2026-07-21T14:51:20.673Z] GET https://fonts.gstatic.com/s/heebo/v28/NGS6v5_NC0k9P9H0TbFhsqMA6aw.woff2 → 200 (4ms, -815B)
[2026-07-21T14:51:20.677Z] GET https://fonts.gstatic.com/s/heebo/v28/NGS6v5_NC0k9P9GKTbFhsqMA6aw.woff2 → 200 (?ms, -815B)
[2026-07-21T14:51:20.678Z] GET https://fonts.gstatic.com/s/heebo/v28/NGS6v5_NC0k9P9GYTbFhsqMA6aw.woff2 → 200 (1ms, -815B)
[2026-07-21T14:51:20.679Z] GET https://fonts.gstatic.com/s/heebo/v28/NGS6v5_NC0k9P9H2TbFhsqMA.woff2 → 200 (?ms, -815B)
[2026-07-21T14:51:20.679Z] GET https://fonts.gstatic.com/s/inter/v20/UcC73FwrK3iLTeHuS_nVMrMxCp50SjIa1ZL7W0Q5nw.woff2 → 200 (1ms, -815B)
[2026-07-21T14:51:20.680Z] GET https://fonts.gstatic.com/s/jetbrainsmono/v24/tDbv2o-flEEny0FZhsfKu5WU4zr3E_BX0PnT8RD8yKwBNntkaToggR7BYRbKPxDcwgknk-4.woff2 → 200 (?ms, -815B)
[2026-07-21T14:51:20.680Z] GET http://localhost:5210/src/components/showcase/HeroV1Monument.jsx → 200 (9ms, ?B)
[2026-07-21T14:51:20.681Z] GET http://localhost:5210/src/components/showcase/HeroV2Arena.jsx → 200 (8ms, ?B)
[2026-07-21T14:51:20.681Z] GET http://localhost:5210/src/components/showcase/HeroV3Fingers.jsx → 200 (8ms, ?B)
[2026-07-21T14:51:20.681Z] GET http://localhost:5210/src/components/showcase/HeroV4Manifesto.jsx → 200 (8ms, ?B)
[2026-07-21T14:51:20.681Z] GET http://localhost:5210/src/variants/VariantA.jsx → 200 (8ms, ?B)
[2026-07-21T14:51:20.681Z] GET http://localhost:5210/src/variants/VariantB.jsx → 200 (8ms, ?B)
[2026-07-21T14:51:20.682Z] GET http://localhost:5210/src/variants/VariantC.jsx → 200 (7ms, ?B)
[2026-07-21T14:51:20.682Z] GET http://localhost:5210/src/variants/VariantD.jsx → 200 (7ms, ?B)
[2026-07-21T14:51:20.683Z] GET http://localhost:5210/src/components/collabs/hero-versions/HeroCorporateSplit.jsx → 200 (6ms, ?B)
[2026-07-21T14:51:20.683Z] GET http://localhost:5210/src/components/collabs/hero-versions/HeroDataBoardroom.jsx → 200 (6ms, ?B)
[2026-07-21T14:51:20.683Z] GET http://localhost:5210/src/components/collabs/hero-versions/HeroEditorialLedger.jsx → 200 (7ms, ?B)
[2026-07-21T14:51:20.683Z] GET http://localhost:5210/src/components/collabs/hero-versions/HeroCapabilityBento.jsx → 200 (7ms, ?B)
[2026-07-21T14:51:20.684Z] GET http://localhost:5210/node_modules/.vite/deps/@studio-freight_lenis.js?v=2222e0de → 200 (?ms, -310B)
[2026-07-21T14:51:20.684Z] GET http://localhost:5210/node_modules/.vite/deps/gsap.js?v=2222e0de → 200 (?ms, -312B)
[2026-07-21T14:51:20.684Z] GET http://localhost:5210/node_modules/.vite/deps/gsap_ScrollTrigger.js?v=2222e0de → 200 (?ms, -312B)
[2026-07-21T14:51:20.685Z] GET http://localhost:5210/node_modules/.vite/deps/lucide-react.js?v=2222e0de → 200 (?ms, -312B)
[2026-07-21T14:51:20.685Z] GET http://localhost:5210/src/assets/logo.png?import → 200 (5ms, ?B)
[2026-07-21T14:51:20.685Z] GET http://localhost:5210/src/components/ui/Button.jsx → 200 (5ms, ?B)
[2026-07-21T14:51:20.685Z] GET http://localhost:5210/src/hooks/useReveal.js → 200 (5ms, ?B)
[2026-07-21T14:51:20.685Z] GET http://localhost:5210/src/hooks/useCountUp.js → 200 (5ms, ?B)
[2026-07-21T14:51:20.686Z] GET http://localhost:5210/src/components/SoftDivider.jsx → 200 (5ms, ?B)
[2026-07-21T14:51:20.686Z] GET http://localhost:5210/src/components/liabah/LiabahHero.jsx → 200 (5ms, ?B)
[2026-07-21T14:51:20.686Z] GET http://localhost:5210/src/components/liabah/LiabahEssence.jsx → 200 (4ms, ?B)
[2026-07-21T14:51:20.686Z] GET http://localhost:5210/src/components/liabah/LiabahPrograms.jsx → 200 (4ms, ?B)
[2026-07-21T14:51:20.686Z] GET http://localhost:5210/src/components/liabah/LiabahCoaches.jsx → 200 (5ms, ?B)
[2026-07-21T14:51:20.686Z] GET http://localhost:5210/src/components/liabah/LiabahMap.jsx → 200 (7ms, ?B)
[2026-07-21T14:51:20.686Z] GET http://localhost:5210/src/components/liabah/LiabahGallery.jsx → 200 (5ms, ?B)
[2026-07-21T14:51:20.686Z] GET http://localhost:5210/src/components/liabah/LiabahFAQ.jsx → 200 (5ms, ?B)
[2026-07-21T14:51:20.686Z] GET http://localhost:5210/src/components/liabah/LiabahCTA.jsx → 200 (6ms, ?B)
[2026-07-21T14:51:20.686Z] GET http://localhost:5210/node_modules/.vite/deps/react-dom.js?v=2222e0de → 200 (?ms, -308B)
[2026-07-21T14:51:20.687Z] GET http://localhost:5210/src/hooks/useAccessibility.js → 200 (5ms, ?B)
[2026-07-21T14:51:20.687Z] GET http://localhost:5210/src/components/Accessibility/AccessibilityStatement.jsx → 200 (11ms, ?B)
[2026-07-21T14:51:20.687Z] GET http://localhost:5210/src/components/academy/AcademyHero.jsx → 200 (6ms, ?B)
[2026-07-21T14:51:20.687Z] GET http://localhost:5210/src/components/academy/AcademyManifesto.jsx → 200 (6ms, ?B)
[2026-07-21T14:51:20.687Z] GET http://localhost:5210/src/components/academy/AcademyAxes.jsx → 200 (6ms, ?B)
[2026-07-21T14:51:20.687Z] GET http://localhost:5210/src/components/academy/AcademyPrograms.jsx → 200 (11ms, ?B)
[2026-07-21T14:51:20.687Z] GET http://localhost:5210/src/components/academy/AcademyImpact.jsx → 200 (11ms, ?B)
[2026-07-21T14:51:20.687Z] GET http://localhost:5210/src/components/academy/AcademyJourney.jsx → 200 (11ms, ?B)
[2026-07-21T14:51:20.687Z] GET http://localhost:5210/src/components/academy/AcademyAdmissions.jsx → 200 (11ms, ?B)
[2026-07-21T14:51:20.687Z] GET http://localhost:5210/src/components/academy/AcademyTestimonials.jsx → 200 (11ms, ?B)
[2026-07-21T14:51:20.687Z] GET http://localhost:5210/src/components/academy/AcademyGallery.jsx → 200 (12ms, ?B)
[2026-07-21T14:51:20.687Z] GET http://localhost:5210/src/components/academy/AcademyFAQ.jsx → 200 (12ms, ?B)
[2026-07-21T14:51:20.687Z] GET http://localhost:5210/src/components/academy/AcademyCTA.jsx → 200 (12ms, ?B)
[2026-07-21T14:51:20.688Z] GET http://localhost:5210/src/components/team/TeamHero.jsx → 200 (11ms, ?B)
[2026-07-21T14:51:20.688Z] GET http://localhost:5210/src/components/team/TeamRoster.jsx → 200 (11ms, ?B)
[2026-07-21T14:51:20.688Z] GET http://localhost:5210/src/components/team/TeamIntro.jsx → 200 (11ms, ?B)
[2026-07-21T14:51:20.688Z] GET http://localhost:5210/src/components/team/TeamCoach.jsx → 200 (11ms, ?B)
[2026-07-21T14:51:20.688Z] GET http://localhost:5210/src/components/team/TeamInstructor.jsx → 200 (11ms, ?B)
[2026-07-21T14:51:20.688Z] GET http://localhost:5210/src/components/team/TeamHq.jsx → 200 (11ms, ?B)
[2026-07-21T14:51:20.688Z] GET http://localhost:5210/src/components/team/TeamCTA.jsx → 200 (11ms, ?B)
[2026-07-21T14:51:20.688Z] GET http://localhost:5210/src/components/hero-concepts/ConceptEditorialSplit.jsx → 200 (12ms, ?B)
[2026-07-21T14:51:20.688Z] GET http://localhost:5210/src/components/hero-concepts/ConceptOversizedType.jsx → 200 (11ms, ?B)
[2026-07-21T14:51:20.688Z] GET http://localhost:5210/src/components/hero-concepts/ConceptBentoMosaic.jsx → 200 (12ms, ?B)
[2026-07-21T14:51:20.688Z] GET http://localhost:5210/src/components/hero-concepts/ConceptSpotlightArena.jsx → 200 (12ms, ?B)
[2026-07-21T14:51:20.688Z] GET http://localhost:5210/src/components/hero-concepts/ConceptFramedPlate.jsx → 200 (12ms, ?B)
[2026-07-21T14:51:20.688Z] GET http://localhost:5210/src/components/collabs/CollabsStats.jsx → 200 (12ms, ?B)
[2026-07-21T14:51:20.688Z] GET http://localhost:5210/src/components/collabs/CollabsIntro.jsx → 200 (12ms, ?B)
[2026-07-21T14:51:20.688Z] GET http://localhost:5210/src/components/collabs/CollabsProcess.jsx → 200 (12ms, ?B)
[2026-07-21T14:51:20.688Z] GET http://localhost:5210/src/components/collabs/CollabsContentWorlds.jsx → 200 (12ms, ?B)
[2026-07-21T14:51:20.688Z] GET http://localhost:5210/src/components/collabs/CollabsFormats.jsx → 200 (12ms, ?B)
[2026-07-21T14:51:20.688Z] GET http://localhost:5210/src/components/collabs/CollabsTeam.jsx → 200 (12ms, ?B)
[2026-07-21T14:51:20.688Z] GET http://localhost:5210/src/components/collabs/CollabsPartners.jsx → 200 (12ms, ?B)
[2026-07-21T14:51:20.688Z] GET http://localhost:5210/src/components/collabs/CollabsCTA.jsx → 200 (13ms, ?B)
[2026-07-21T14:51:20.688Z] GET http://localhost:5210/src/components/amir/AmirHero.jsx → 200 (13ms, ?B)
[2026-07-21T14:51:20.688Z] GET http://localhost:5210/src/components/amir/AmirIntro.jsx → 200 (13ms, ?B)
[2026-07-21T14:51:20.688Z] GET http://localhost:5210/src/components/amir/AmirZones.jsx → 200 (13ms, ?B)
[2026-07-21T14:51:20.688Z] GET http://localhost:5210/src/components/amir/AmirContentWorlds.jsx → 200 (13ms, ?B)
[2026-07-21T14:51:20.688Z] GET http://localhost:5210/src/components/amir/AmirCTA.jsx → 200 (13ms, ?B)
[2026-07-21T14:51:20.688Z] GET http://localhost:5210/src/components/alumni/AlumniHero.jsx → 200 (13ms, ?B)
[2026-07-21T14:51:20.688Z] GET http://localhost:5210/src/components/alumni/AlumniStats.jsx → 200 (13ms, ?B)
[2026-07-21T14:51:20.689Z] GET http://localhost:5210/src/components/alumni/AlumniIntro.jsx → 200 (12ms, ?B)
[2026-07-21T14:51:20.689Z] GET http://localhost:5210/src/components/alumni/YoavProgram.jsx → 200 (12ms, ?B)
[2026-07-21T14:51:20.689Z] GET http://localhost:5210/src/components/alumni/AlumniCTA.jsx → 200 (12ms, ?B)
[2026-07-21T14:51:20.689Z] GET http://localhost:5210/src/hooks/usePrefersReducedMotion.js → 200 (13ms, ?B)
[2026-07-21T14:51:20.689Z] GET http://localhost:5210/src/components/academy/shared.jsx → 200 (13ms, ?B)
[2026-07-21T14:51:20.689Z] GET http://localhost:5210/src/components/collabs/hero-versions/heroShared.js → 200 (13ms, ?B)
[2026-07-21T14:51:20.690Z] GET http://localhost:5210/src/data/liabahData.js → 200 (12ms, ?B)
[2026-07-21T14:51:20.690Z] GET http://localhost:5210/src/components/liabah/shared.jsx → 200 (12ms, ?B)
[2026-07-21T14:51:20.693Z] GET http://localhost:5210/src/data/israelOutline.js → 200 (9ms, ?B)
[2026-07-21T14:51:20.693Z] GET http://localhost:5210/src/data/academyData.js → 200 (9ms, ?B)
[2026-07-21T14:51:20.699Z] GET http://localhost:5210/src/data/teamData.js → 200 (3ms, ?B)
[2026-07-21T14:51:20.701Z] GET http://localhost:5210/src/data/amirData.js → 200 (1ms, ?B)
[2026-07-21T14:51:20.701Z] GET http://localhost:5210/src/data/alumniData.js → 200 (1ms, ?B)
[2026-07-21T14:51:20.703Z] POST https://fqgshlgvwwvwxsytksdn.supabase.co/rest/v1/page_views → 201 (77ms, ?B)
[2026-07-21T14:51:20.718Z] GET http://localhost:5210/src/assets/logo.png → 304 (1ms, ?B)
[2026-07-21T14:51:20.718Z] GET http://localhost:5210/Hero-Pics/214A0011.jpg → 304 (1ms, ?B)
[2026-07-21T14:51:20.718Z] GET http://localhost:5210/logo.png → 304 (1ms, ?B)
[2026-07-21T14:51:20.718Z] GET https://ynet-pic1.yit.co.il/picserver6/crop_images/2024/11/21/B1HUEGs2fke/B1HUEGs2fke_0_0_1080_1080_0_large.jpg → 200 (?ms, -390B)
[2026-07-21T14:51:20.719Z] GET https://www.youtube.com/embed/jOdf0gJrZug?rel=0&modestbranding=1 → 200 (227ms, 54902B)
[2026-07-21T14:51:20.735Z] GET http://localhost:5210/fonts/rag-marom-2.1.otf → 304 (2ms, ?B)
[2026-07-21T14:51:20.735Z] GET http://localhost:5210/Hero-Pics/214A0027.jpg → 304 (18ms, ?B)
[2026-07-21T14:51:20.736Z] GET http://localhost:5210/Hero-Pics/214A0034.jpg → 304 (17ms, ?B)
[2026-07-21T14:51:20.736Z] GET http://localhost:5210/Hero-Pics/214A0088.jpg → 304 (17ms, ?B)
[2026-07-21T14:51:20.737Z] GET http://localhost:5210/Hero-Pics/214A0114.jpg → 304 (16ms, ?B)
[2026-07-21T14:51:20.737Z] GET http://localhost:5210/Hero-Pics/214A0511.jpg → 304 (16ms, ?B)
[2026-07-21T14:51:20.737Z] GET http://localhost:5210/Hero-Pics/_14A9355.jpg → 304 (16ms, ?B)
[2026-07-21T14:51:20.842Z] GET https://open.spotify.com/embed/show/1pkoB14iPwztzO8LXkqGaR?utm_source=generator&theme=0 → pending (?ms, ?B)
[2026-07-21T14:51:20.843Z] GET http://localhost:5210/our_product_pics/core_pic.jpg → 304 (?ms, ?B)
[2026-07-21T14:51:20.843Z] GET http://localhost:5210/our_product_pics/mehina_pic.png → 304 (1ms, ?B)
[2026-07-21T14:51:20.843Z] GET http://localhost:5210/our_product_pics/yoav_pic.jpg → 304 (2ms, ?B)
[2026-07-21T14:51:20.843Z] GET http://localhost:5210/our_product_pics/collab_pic.jpg → 304 (2ms, ?B)
[2026-07-21T14:51:20.948Z] GET https://www.youtube.com/s/player/093b19ed/www-player.css → 200 (?ms, -682B)
[2026-07-21T14:51:20.948Z] GET https://www.youtube.com/s/_/ytembeds/_/ss/k=ytembeds.base.voLKPuLo35M.L.W.O/am=AAAAgA/d=1/br=1/rs=AGKMywFbOiAirpOGLQLAetGjYdyOjZXjoA/m=root,base → 200 (5ms, -858B)
[2026-07-21T14:51:20.948Z] GET https://fonts.gstatic.com/s/roboto/v48/KFO7CnqEu92Fr1ME7kSn66aGLdTylUAMa3yUBHMdazQ.woff2 → 200 (?ms, -815B)
[2026-07-21T14:51:20.966Z] GET https://www.youtube.com/s/_/ytembeds/_/js/k=ytembeds.base.en_US.ODfFrMosPCQ.es5.O/am=AAAAgA/d=1/excm=base,root/br=1/rs=AGKMywFu4ZW9pRIW_XDhf8ZIbFxql1q7kw/m=root,base → 200 (25ms, 169383B)
[2026-07-21T14:51:20.966Z] GET https://www.youtube.com/s/player/093b19ed/player_embed.vflset/en_US/base.js → 200 (25ms, -690B)
[2026-07-21T14:51:21.006Z] GET https://googleads.g.doubleclick.net/pagead/id → 302 (61ms, ?B)
[2026-07-21T14:51:21.006Z] GET https://static.doubleclick.net/instream/ad_status.js → 200 (1ms, -723B)
[2026-07-21T14:51:21.007Z] GET https://www.youtube.com/s/_/ytembeds/_/js/k=ytembeds.base.en_US.ODfFrMosPCQ.es5.O/ck=ytembeds.base.voLKPuLo35M.L.W.O/am=AAAAgA/d=1/exm=base,root/excm=base,root/ed=1/br=1/rs=AGKMywEWcLUfQi49tTazVU5JOJTK_YxkBQ/m=r78Drb → 200 (?ms, -915B)
[2026-07-21T14:51:21.050Z] GET https://i.ytimg.com/vi/jOdf0gJrZug/maxresdefault.jpg?sqp=-oaymwEmCIAKENAF8quKqQMa8AEB-AH-CYAC0AWKAgwIABABGGUgRyg_MA8=&rs=AOn4CLCX5X3fHDrVH7_vKvVE1xdRrSYc_Q → 200 (60ms, 28073B)
[2026-07-21T14:51:21.067Z] GET https://googleads.g.doubleclick.net/pagead/id?slf_rd=1 → 200 (133ms, 146B)
[2026-07-21T14:51:21.118Z] POST https://www.youtube.com/youtubei/v1/log_event?alt=json → pending (?ms, ?B)
[2026-07-21T14:51:21.222Z] POST https://www.youtube.com/youtubei/v1/log_event?alt=json → pending (?ms, ?B)
[2026-07-21T14:51:21.514Z] GET https://www.google.com/js/th/3vS4MzNmk5bpUZkAbQkUNnMBJb7mHJQeUuR4lw-z7K0.js → 200 (?ms, -813B)
[2026-07-21T14:51:21.551Z] GET https://www.youtube.com/generate_204?On-rkA → 204 (8ms, 10B)
[2026-07-21T14:51:21.556Z] POST https://jnn-pa.googleapis.com/$rpc/google.internal.waa.v1.Waa/GenerateIT → 200 (77ms, 145B)
[2026-07-21T14:51:21.753Z] GET https://embed-cdn.spotifycdn.com/_next/static/css/ae20dae031358b14.css → 200 (1ms, -556B)
[2026-07-21T14:51:21.753Z] GET https://embed-cdn.spotifycdn.com/_next/static/css/6bff6d40db68084e.css → 200 (2ms, -555B)
[2026-07-21T14:51:21.753Z] GET https://embed-cdn.spotifycdn.com/_next/static/css/ba597db3e11d31f9.css → 200 (4ms, -555B)
[2026-07-21T14:51:21.753Z] GET https://embed-cdn.spotifycdn.com/_next/static/css/14065715fb0eddf9.css → 200 (4ms, -555B)
[2026-07-21T14:51:21.753Z] GET https://embed-cdn.spotifycdn.com/_next/static/chunks/webpack-6a3671b087bf9720.js → 200 (4ms, -562B)
[2026-07-21T14:51:21.753Z] GET https://embed-cdn.spotifycdn.com/_next/static/chunks/framework-d51967e8c8e13641.js → 200 (8ms, -540B)
[2026-07-21T14:51:21.753Z] GET https://embed-cdn.spotifycdn.com/_next/static/chunks/main-9182335c5e433871.js → 200 (7ms, -563B)
[2026-07-21T14:51:21.753Z] GET https://embed-cdn.spotifycdn.com/_next/static/chunks/pages/_app-49b3d52602b860d4.js → 200 (13ms, -540B)
[2026-07-21T14:51:21.753Z] GET https://embed-cdn.spotifycdn.com/_next/static/chunks/c4f29680-2a3aca87bc667b85.js → 200 (9ms, -540B)
[2026-07-21T14:51:21.753Z] GET https://embed-cdn.spotifycdn.com/_next/static/chunks/1df930d7-c3c84ee0b3e2843b.js → 200 (5ms, -562B)
[2026-07-21T14:51:21.753Z] GET https://embed-cdn.spotifycdn.com/_next/static/chunks/8494-e90532fa0601445c.js → 200 (5ms, -562B)
[2026-07-21T14:51:21.754Z] GET https://embed-cdn.spotifycdn.com/_next/static/chunks/7740-c6dbc536b0bb3d7c.js → 200 (17ms, -540B)
[2026-07-21T14:51:21.754Z] GET https://embed-cdn.spotifycdn.com/_next/static/chunks/5542-5a715e9a1ee7e4d0.js → 200 (6ms, -563B)
[2026-07-21T14:51:21.754Z] GET https://embed-cdn.spotifycdn.com/_next/static/chunks/258-80c3af4cd9a5945e.js → 200 (5ms, -562B)
[2026-07-21T14:51:21.754Z] GET https://embed-cdn.spotifycdn.com/_next/static/chunks/pages/show/%5Bid%5D-c980d7a171516ee5.js → 200 (5ms, -562B)
[2026-07-21T14:51:21.754Z] GET https://embed-cdn.spotifycdn.com/_next/static/79fbe8be-53f1-499a-9001-94732956fcd2/_buildManifest.js → 200 (5ms, -562B)
[2026-07-21T14:51:21.754Z] GET https://embed-cdn.spotifycdn.com/_next/static/79fbe8be-53f1-499a-9001-94732956fcd2/_ssgManifest.js → 200 (6ms, -513B)
[2026-07-21T14:51:21.754Z] GET https://image-cdn-ak.spotifycdn.com/image/ab67656300005f1f406cc242663e48837f0c9fe3 → 200 (20ms, 33759B)
[2026-07-21T14:51:21.765Z] GET https://encore.scdn.co/fonts/CircularSp-Hebr-Book-bd691543176c385b089f6986ddf58c5f.woff2 → 200 (?ms, -554B)
[2026-07-21T14:51:21.765Z] GET https://encore.scdn.co/fonts/SpotifyMixUI-Bold-09c45a3a0ce9d2971e62cb26e97760fb.woff2 → 200 (?ms, -553B)
[2026-07-21T14:51:21.765Z] GET https://encore.scdn.co/fonts/SpotifyMixUI-Regular-76c92fb1a35c462f73429fa8865163eb.woff2 → 200 (?ms, -553B)
[2026-07-21T14:51:21.766Z] GET https://encore.scdn.co/fonts/SpotifyMixUITitle-Bold-2c79abf9c6697da8b2bf5af3f11e6913.woff2 → 200 (?ms, -553B)
[2026-07-21T14:51:21.767Z] GET blob:https://open.spotify.com/20a74f2e-aac6-457c-82c4-181d3931937b → 200 (10ms, -59B)
[2026-07-21T14:51:21.771Z] POST https://o22381.ingest.us.sentry.io/api/4505164808585216/envelope/?sentry_version=7&sentry_key=4cc707ab12ea4779b417479c0550a5cb&sentry_client=sentry.javascript.nextjs%2F10.45.0 → 200 (209ms, 20B)
[2026-07-21T14:51:21.774Z] POST https://o22381.ingest.us.sentry.io/api/4505164808585216/envelope/?sentry_version=7&sentry_key=4cc707ab12ea4779b417479c0550a5cb&sentry_client=sentry.javascript.nextjs%2F10.45.0 → 200 (67ms, 20B)
[2026-07-21T14:51:21.774Z] POST https://o22381.ingest.us.sentry.io/api/4505164808585216/envelope/?sentry_version=7&sentry_key=4cc707ab12ea4779b417479c0550a5cb&sentry_client=sentry.javascript.nextjs%2F10.45.0 → 200 (59ms, 20B)
[2026-07-21T14:51:21.779Z] GET https://apresolve.spotify.com/?type=dealer-g2&type=spclient → 200 (284ms, 137B)
[2026-07-21T14:51:21.782Z] GET https://embed-cdn.spotifycdn.com/_next/static/chunks/5039.440e19fa157cd73b.js → 200 (?ms, -608B)
[2026-07-21T14:51:21.783Z] GET https://embed-cdn.spotifycdn.com/_next/static/chunks/755.f2e02398e565c27c.js → 200 (?ms, -559B)
[2026-07-21T14:51:21.783Z] GET https://apresolve.spotify.com/?type=dealer-g2&type=spclient → 200 (147ms, 134B)
[2026-07-21T14:51:21.784Z] GET https://embed-cdn.spotifycdn.com/_next/static/chunks/da236039.201ee8665d02be31.js → 200 (?ms, -608B)
[2026-07-21T14:51:21.784Z] GET https://embed-cdn.spotifycdn.com/_next/static/chunks/8272.1d3ae19608cd6071.js → 200 (?ms, -585B)
[2026-07-21T14:51:21.784Z] GET https://embed-cdn.spotifycdn.com/_next/static/chunks/spotify_player_o.7f82139c1652bcc2.js → 200 (?ms, -607B)
[2026-07-21T14:51:22.063Z] POST https://gew1-spclient.spotify.com/gabo-receiver-service/public/v3/events → 200 (85ms, 32B)
[2026-07-21T14:51:22.148Z] POST https://gew1-spclient.spotify.com/gabo-receiver-service/public/v3/events → 200 (94ms, 32B)
[2026-07-21T14:51:23.639Z] POST https://www.youtube.com/youtubei/v1/log_event?alt=json → 200 (157ms, 50B)
[2026-07-21T14:51:25.779Z] POST https://gew1-spclient.spotify.com/gabo-receiver-service/public/v3/events → 200 (155ms, 32B)
[2026-07-21T14:51:25.779Z] POST https://gew1-spclient.spotify.com/gabo-receiver-service/public/v3/events → 200 (81ms, 32B)
[2026-07-21T14:52:21.005Z] POST https://www.youtube.com/youtubei/v1/log_event?alt=json → 200 (242ms, 272B)
[2026-07-21T14:53:21.205Z] GET https://googleads.g.doubleclick.net/pagead/id → 302 (149ms, ?B)
[2026-07-21T14:53:21.355Z] GET https://googleads.g.doubleclick.net/pagead/id?slf_rd=1 → 200 (75ms, 242B)
